n,d,K,alpha,sparsity,Bias_Plugin,Bias_IPW,Bias_Debiased,Bias_Debiased_No_Cross,Variance_Plugin,Variance_IPW,Variance_Debiased,Variance_Debiased_No_Cross,MSE_Plugin,MSE_IPW,MSE_Debiased,MSE_Debiased_No_Cross,Coverage_Probability,Coverage_Probability_No_Cross
100,200,100,0.0,200,-0.09521751441931475,0.43085312692738625,-4.263451150473349,-10392.120816482266,2.291786089737931,121.62540551576257,1458.5935436291302,5343598452.386994,2.3008524647901236,121.81103993274563,1476.770559341602,5451594627.451358,0.01,0.76
