n,d,K,alpha,sparsity,Bias_Plugin,Bias_IPW,Bias_IPW_No_Cross,Bias_Debiased,Bias_Debiased_No_Cross,Bias_Debiased_Single_Fold,Variance_Plugin,Variance_IPW,Variance_IPW_No_Cross,Variance_Debiased,Variance_Debiased_No_Cross,Variance_Debiased_Single_Fold,MSE_Plugin,MSE_IPW,MSE_IPW_No_Cross,MSE_Debiased,MSE_Debiased_No_Cross,MSE_Debiased_Single_Fold,Coverage_Probability,Coverage_Probability_No_Cross,Coverage_Probability_Single_Fold
200,200,100,0.30024945735931396,175,0.004541162129894519,-0.006651901584543407,0.013340088485558153,-0.0008157831892791267,0.009972447765146431,-0.005098231830680744,0.199635546746674,0.317360224005245,0.21708133922166384,0.2036107524195122,0.2058938217780883,0.20758817884620726,0.199656168900164,0.3174044717999354,0.21725929718246637,0.20361141792172407,0.20599327149251687,0.20761417081400663,0.09,0.12,0.105
