n,d,K,alpha,sparsity,Bias_Plugin,Bias_IPW,Bias_IPW_No_Cross,Bias_Debiased,Bias_Debiased_No_Cross,Bias_Debiased_Single_Fold,Variance_Plugin,Variance_IPW,Variance_IPW_No_Cross,Variance_Debiased,Variance_Debiased_No_Cross,Variance_Debiased_Single_Fold,MSE_Plugin,MSE_IPW,MSE_IPW_No_Cross,MSE_Debiased,MSE_Debiased_No_Cross,MSE_Debiased_Single_Fold,Coverage_Probability,Coverage_Probability_No_Cross,Coverage_Probability_Single_Fold
10,200,100,0.20166337490081787,190,-0.13220197123734082,-0.131380344771813,-0.1517365781024071,-0.13144407914897963,-0.15208961920047126,-0.12994136280342444,1.2035033201865435,2.143637947429688,2.052028251010547,1.2017694839488033,1.30807102835083,1.2047471563514633,1.2209806813855821,2.1608987424220483,2.075052240144775,1.2190470298921265,1.3312022806193742,1.2216319141186744,0.085,0.245,0.09
