n,d,K,alpha,sparsity,Bias_Plugin,Bias_IPW,Bias_Debiased,Bias_Debiased_No_Cross,Variance_Plugin,Variance_IPW,Variance_Debiased,Variance_Debiased_No_Cross,MSE_Plugin,MSE_IPW,MSE_Debiased,MSE_Debiased_No_Cross,Coverage_Probability,Coverage_Probability_No_Cross
100,200,100,0.5742889642715454,100,-0.0008269066570268469,-0.0033417083633757493,0.002468037022005329,0.0015255922326867432,0.00041095677232299205,0.02704455244648258,0.0023268808577510277,0.00037047553128882136,0.00041164054694242734,0.027055719461268436,0.0023329720644930164,0.00037280296294925553,0.91,0.94
