n,d,K,sparsity,Bias_Plugin,Bias_IPW,Bias_Debiased,Variance_Plugin,Variance_IPW,Variance_Debiased,MSE_Plugin,MSE_IPW,MSE_Debiased,Coverage_Probability
30,200,100,10,0.023890138559372245,0.0015287239862575592,0.005892811727997767,0.019018877734011747,0.062106272548409606,0.06863341072945206,0.019589616454397753,0.06210860954543576,0.06866813595951368,0.9
