n,d,K,alpha,sparsity,Bias_Plugin,Bias_IPW,Bias_IPW_No_Cross,Bias_Debiased,Bias_Debiased_No_Cross,Bias_Debiased_Single_Fold,Variance_Plugin,Variance_IPW,Variance_IPW_No_Cross,Variance_Debiased,Variance_Debiased_No_Cross,Variance_Debiased_Single_Fold,MSE_Plugin,MSE_IPW,MSE_IPW_No_Cross,MSE_Debiased,MSE_Debiased_No_Cross,MSE_Debiased_Single_Fold,Coverage_Probability,Coverage_Probability_No_Cross,Coverage_Probability_Single_Fold
4,200,100,0.0,200,0.5930257402759351,-1.2384029307843636,1.2854824878840434,0.625209991624554,0.5945555003709435,0.6335493128429593,38.58976547825817,1357.5190293767405,116.18094696775253,37.52031068047286,40.87556270865207,37.610196425689935,38.94144500688799,1359.0526711957164,117.83341219440908,37.91119821410004,41.229058951673416,38.01158115749372,0.01,0.07,0.02
