n,d,K,alpha,sparsity,Bias_Plugin,Bias_IPW,Bias_Debiased,Bias_Debiased_No_Cross,Variance_Plugin,Variance_IPW,Variance_Debiased,Variance_Debiased_No_Cross,MSE_Plugin,MSE_IPW,MSE_Debiased,MSE_Debiased_No_Cross,Coverage_Probability,Coverage_Probability_No_Cross
30,200,100,0.7729858160018921,50,0.0058063413860006095,0.04306148284495794,-0.014645783106069742,0.0006817798822333787,0.002287662674788849,0.041471233482649604,0.001984437567273728,0.0026708734306648257,0.002321376275079632,0.043325524787456215,0.0021989365300637657,0.002671338254472644,0.97,0.94
