n,d,K,sparsity,Bias_Plugin,Bias_IPW,Bias_Debiased,Variance_Plugin,Variance_IPW,Variance_Debiased,MSE_Plugin,MSE_IPW,MSE_Debiased,Coverage_Probability
100,200,100,100,-7.746787784280728e-05,-0.0044179650326321126,0.00788786973402662,0.002530318364654978,0.03721919733445166,0.010517232371221201,0.002530324365927075,0.037238715749481226,0.010579450860162175,0.88
