n,d,K,alpha,sparsity,Bias_Plugin,Bias_IPW,Bias_Debiased,Bias_Debiased_No_Cross,Variance_Plugin,Variance_IPW,Variance_Debiased,Variance_Debiased_No_Cross,MSE_Plugin,MSE_IPW,MSE_Debiased,MSE_Debiased_No_Cross,Coverage_Probability,Coverage_Probability_No_Cross
4,200,100,0.30024945735931396,175,-0.07677913676309453,1.058863827240608,-0.07323886934143918,-0.01433454113845022,0.06934745906660414,0.0007936799215879488,0.047727502156794846,0.008819279888363785,0.07524249490869012,1.1219862845602158,0.05309143413920726,0.009024758958013706,0.22,0.64
