n,d,K,alpha,sparsity,Bias_Plugin,Bias_IPW,Bias_Debiased,Bias_Debiased_No_Cross,Variance_Plugin,Variance_IPW,Variance_Debiased,Variance_Debiased_No_Cross,MSE_Plugin,MSE_IPW,MSE_Debiased,MSE_Debiased_No_Cross,Coverage_Probability,Coverage_Probability_No_Cross
50,200,100,0.20166337490081787,190,-0.10279738735685859,-0.053905007971514006,-0.13369325234629803,-0.050090359176159234,0.0034386066032768337,2.942501950771501,0.11096916443761332,0.007197210932375987,0.014005909450672866,2.9454077006559114,0.1288430501605442,0.009706255014772626,0.05,0.85
