n,d,K,alpha,sparsity,Bias_Plugin,Bias_IPW,Bias_Debiased,Bias_Debiased_No_Cross,Variance_Plugin,Variance_IPW,Variance_Debiased,Variance_Debiased_No_Cross,MSE_Plugin,MSE_IPW,MSE_Debiased,MSE_Debiased_No_Cross,Coverage_Probability,Coverage_Probability_No_Cross
30,200,100,0.953795313835144,25,0.014498302563977893,0.08277503588556295,-0.00824080143428772,-35825.90831936938,0.010392579937546538,1.3042878253242285,0.2465222877954363,1982573522785.9116,0.010602780714783185,1.3111395318900847,0.2465901986037156,1983857018492.819,0.92,0.57
