n,d,K,alpha,sparsity,Bias_Plugin,Bias_IPW,Bias_Debiased,Bias_Debiased_No_Cross,Variance_Plugin,Variance_IPW,Variance_Debiased,Variance_Debiased_No_Cross,MSE_Plugin,MSE_IPW,MSE_Debiased,MSE_Debiased_No_Cross,Coverage_Probability,Coverage_Probability_No_Cross
10,200,100,0.0,200,-0.3327004770120156,-0.16600974349552777,-0.3272057288072257,-0.07819851754924599,0.0031650886902826825,15.572689340724526,0.0019136582580438015,0.13441468008010993,0.11385469609430537,15.600248575659975,0.1089772472223115,0.14052968822700965,0.0,0.96
