n,d,K,alpha,sparsity,Bias_Plugin,Bias_IPW,Bias_Debiased,Bias_Debiased_No_Cross,Variance_Plugin,Variance_IPW,Variance_Debiased,Variance_Debiased_No_Cross,MSE_Plugin,MSE_IPW,MSE_Debiased,MSE_Debiased_No_Cross,Coverage_Probability,Coverage_Probability_No_Cross
50,200,100,0.20166337490081787,190,-0.09930654317234955,-1.4803691669914474,-0.10250181440207534,-138485.85000540683,0.00030504801826698063,166.29637576406589,0.004640729296010127,240188196536.704,0.010166837535108704,168.48786863464477,0.015147351251727625,259366527188.42407,0.05,0.61
