n,d,K,alpha,sparsity,Bias_Plugin,Bias_IPW,Bias_Debiased,Bias_Debiased_No_Cross,Variance_Plugin,Variance_IPW,Variance_Debiased,Variance_Debiased_No_Cross,MSE_Plugin,MSE_IPW,MSE_Debiased,MSE_Debiased_No_Cross,Coverage_Probability,Coverage_Probability_No_Cross
20,200,100,0.20166337490081787,190,-0.08431946398569926,0.13217264680922494,-0.1164628254380615,-0.05128836876065962,0.013535680504610053,1.1870487896588628,0.0510417122984276,0.012188471176026807,0.020645452511445683,1.2045183982234189,0.06460530200744398,0.01481896794615621,0.09,0.95
