n,d,K,alpha,sparsity,Bias_Plugin,Bias_IPW,Bias_IPW_No_Cross,Bias_Debiased,Bias_Debiased_No_Cross,Bias_Debiased_Single_Fold,Variance_Plugin,Variance_IPW,Variance_IPW_No_Cross,Variance_Debiased,Variance_Debiased_No_Cross,Variance_Debiased_Single_Fold,MSE_Plugin,MSE_IPW,MSE_IPW_No_Cross,MSE_Debiased,MSE_Debiased_No_Cross,MSE_Debiased_Single_Fold,Coverage_Probability,Coverage_Probability_No_Cross,Coverage_Probability_Single_Fold
2,200,100,0.49258530139923096,125,-0.006198710771414566,-0.04050787521504328,-0.02244337564025015,0.0012051662548086288,0.010287665312478827,-0.004793288756549133,0.01881846713773004,0.18897858716024538,0.8982492794851344,0.014195211522034725,0.03887016783018814,0.017415431574732184,0.018856891152957692,0.1906194751146829,0.8987529845952639,0.014196663947736454,0.038976003887769714,0.017438407191835842,0.9,0.53,0.95
