n,d,K,alpha,sparsity,Bias_Plugin,Bias_IPW,Bias_IPW_No_Cross,Bias_Debiased,Bias_Debiased_No_Cross,Bias_Debiased_Single_Fold,Variance_Plugin,Variance_IPW,Variance_IPW_No_Cross,Variance_Debiased,Variance_Debiased_No_Cross,Variance_Debiased_Single_Fold,MSE_Plugin,MSE_IPW,MSE_IPW_No_Cross,MSE_Debiased,MSE_Debiased_No_Cross,MSE_Debiased_Single_Fold,Coverage_Probability,Coverage_Probability_No_Cross,Coverage_Probability_Single_Fold
50,200,100,0.7729858160018921,50,-0.008199129331837562,-0.029920360462012848,-0.0004286030218078618,-0.0033411094787826447,0.003181435869260299,-0.010510547667942105,0.004278900334646246,0.15108736684315408,0.015474690488191094,0.015984739213161944,0.0025025893081892263,0.012977360240514803,0.004346126056446445,0.15198259481333085,0.015474874188741397,0.01599590222571115,0.0025127108423794427,0.013087831852794886,0.885,0.92,0.91
