n,d,K,alpha,sparsity,Bias_Plugin,Bias_IPW,Bias_IPW_No_Cross,Bias_Debiased,Bias_Debiased_No_Cross,Bias_Debiased_Single_Fold,Variance_Plugin,Variance_IPW,Variance_IPW_No_Cross,Variance_Debiased,Variance_Debiased_No_Cross,Variance_Debiased_Single_Fold,MSE_Plugin,MSE_IPW,MSE_IPW_No_Cross,MSE_Debiased,MSE_Debiased_No_Cross,MSE_Debiased_Single_Fold,Coverage_Probability,Coverage_Probability_No_Cross,Coverage_Probability_Single_Fold
10,200,100,1.2249547243118286,10,0.0035987858428463736,0.1427204845022028,-0.0004339092978294579,-0.005092277344559301,-0.010511968092143411,5.283702397853529e-05,0.0027361863133645655,0.6876042986627531,0.13731658552660286,0.0028441888789187105,0.005490900254205502,0.0053220891191614605,0.002749137572907237,0.7079734353592966,0.1373167738038816,0.0028701201674726216,0.005601401727375744,0.005322091910912563,0.95,0.93,0.97
