n,d,K,alpha,sparsity,Bias_Plugin,Bias_IPW,Bias_IPW_No_Cross,Bias_Debiased,Bias_Debiased_No_Cross,Bias_Debiased_Single_Fold,Variance_Plugin,Variance_IPW,Variance_IPW_No_Cross,Variance_Debiased,Variance_Debiased_No_Cross,Variance_Debiased_Single_Fold,MSE_Plugin,MSE_IPW,MSE_IPW_No_Cross,MSE_Debiased,MSE_Debiased_No_Cross,MSE_Debiased_Single_Fold,Coverage_Probability,Coverage_Probability_No_Cross,Coverage_Probability_Single_Fold
10,200,100,0.7729858160018921,50,-0.015938464999309204,-0.059126075804727944,0.009865987057564234,0.0015841558733989524,-0.0043661221304580845,0.0035503465168547728,0.002237828229060862,0.3099069752539139,0.09498004851277807,0.004544729483790536,0.004940362941441707,0.006897694694014071,0.0024918628955950665,0.3134028680939803,0.09507738621339813,0.004547239033621761,0.004959425963899781,0.006910299654403813,0.86,0.97,0.92
