n,d,K,alpha,sparsity,Bias_Plugin,Bias_IPW,Bias_IPW_No_Cross,Bias_Debiased,Bias_Debiased_No_Cross,Bias_Debiased_Single_Fold,Variance_Plugin,Variance_IPW,Variance_IPW_No_Cross,Variance_Debiased,Variance_Debiased_No_Cross,Variance_Debiased_Single_Fold,MSE_Plugin,MSE_IPW,MSE_IPW_No_Cross,MSE_Debiased,MSE_Debiased_No_Cross,MSE_Debiased_Single_Fold,Coverage_Probability,Coverage_Probability_No_Cross,Coverage_Probability_Single_Fold
2,200,100,0.40689289569854736,150,-0.046593485498152655,0.00036113156099588483,-0.3715736553314868,-0.026086948963902644,-0.03271493364009705,-0.016387223878900646,0.041768202891643326,0.33382627710469004,1.4673815630620257,0.04029662596477494,0.06666157269338,0.045353301776779695,0.04393915578250989,0.33382640752069426,1.6054485443984279,0.04097715487102021,0.06773183957645594,0.045621842883236896,0.72,0.52,0.79
