n,d,K,alpha,sparsity,Bias_Plugin,Bias_IPW,Bias_Debiased,Bias_Debiased_No_Cross,Variance_Plugin,Variance_IPW,Variance_Debiased,Variance_Debiased_No_Cross,MSE_Plugin,MSE_IPW,MSE_Debiased,MSE_Debiased_No_Cross,Coverage_Probability,Coverage_Probability_No_Cross
10,200,100,0.49258530139923096,125,-0.01083840000977178,0.044839969416476555,-0.004471787244561744,-0.007022562708560059,0.0017799832965815418,0.03959161398819865,0.001678222028857916,0.0010658056470598284,0.0018974542113533626,0.04160223684546922,0.001698218910018541,0.0011151220340554866,0.96,0.98
