n,d,K,alpha,sparsity,Bias_Plugin,Bias_IPW,Bias_Debiased,Bias_Debiased_No_Cross,Variance_Plugin,Variance_IPW,Variance_Debiased,Variance_Debiased_No_Cross,MSE_Plugin,MSE_IPW,MSE_Debiased,MSE_Debiased_No_Cross,Coverage_Probability,Coverage_Probability_No_Cross
50,200,100,0.5742889642715454,100,0.005104021607808644,0.09775139127589505,0.003678999623202661,0.003443534845589311,0.002263814751020103,0.1255626740378748,0.007206247319979721,0.0006795945354490343,0.002289865787593081,0.13511800853424794,0.007219782358207243,0.0006914524676818221,0.94,0.95
