n,d,K,alpha,sparsity,Bias_Plugin,Bias_IPW,Bias_IPW_No_Cross,Bias_Debiased,Bias_Debiased_No_Cross,Bias_Debiased_Single_Fold,Variance_Plugin,Variance_IPW,Variance_IPW_No_Cross,Variance_Debiased,Variance_Debiased_No_Cross,Variance_Debiased_Single_Fold,MSE_Plugin,MSE_IPW,MSE_IPW_No_Cross,MSE_Debiased,MSE_Debiased_No_Cross,MSE_Debiased_Single_Fold,Coverage_Probability,Coverage_Probability_No_Cross,Coverage_Probability_Single_Fold
200,200,100,0.7729858160018921,50,0.0006021521944623422,-0.03767016485927678,0.003686980041670568,-0.005458344211074293,-0.0007419625647877287,-0.00180568369460157,0.002882224755020912,0.1084711067621358,0.00523982061338479,0.00584798070785119,0.0005451352210281413,0.007492028469126852,0.002882587342286208,0.10989014808266089,0.005253414435212466,0.005877774229377759,0.0005456857294756877,0.007495288962731801,0.91,0.9,0.91
