n,d,K,alpha,sparsity,Bias_Plugin,Bias_IPW,Bias_IPW_No_Cross,Bias_Debiased,Bias_Debiased_No_Cross,Bias_Debiased_Single_Fold,Variance_Plugin,Variance_IPW,Variance_IPW_No_Cross,Variance_Debiased,Variance_Debiased_No_Cross,Variance_Debiased_Single_Fold,MSE_Plugin,MSE_IPW,MSE_IPW_No_Cross,MSE_Debiased,MSE_Debiased_No_Cross,MSE_Debiased_Single_Fold,Coverage_Probability,Coverage_Probability_No_Cross,Coverage_Probability_Single_Fold
200,200,100,0.0,200,0.036829923202581084,1.3723637288182238,0.4902951681216281,0.02327527422508503,0.03482336522179125,0.030559235914409157,62.95855830834711,116.22696509885509,44.672887747565056,42.55904648724539,37.58399302234629,42.366119627747324,62.95991475159021,118.11034730303096,44.91327709944847,42.559588225635636,37.58520568911166,42.36705349464699,0.035,0.045,0.055
