n,d,K,alpha,sparsity,Bias_Plugin,Bias_IPW,Bias_IPW_No_Cross,Bias_Debiased,Bias_Debiased_No_Cross,Bias_Debiased_Single_Fold,Variance_Plugin,Variance_IPW,Variance_IPW_No_Cross,Variance_Debiased,Variance_Debiased_No_Cross,Variance_Debiased_Single_Fold,MSE_Plugin,MSE_IPW,MSE_IPW_No_Cross,MSE_Debiased,MSE_Debiased_No_Cross,MSE_Debiased_Single_Fold,Coverage_Probability,Coverage_Probability_No_Cross,Coverage_Probability_Single_Fold
100,200,100,0.953795313835144,25,0.002779277219899536,0.5573584741378929,-0.0009869275118877053,0.0051712620066750314,-0.0003942868973600425,0.001914254699449561,0.0011150602237794671,61.33403764755228,0.007164720991773561,0.03731254703495245,0.0009514459385085365,0.027587637878697384,0.0011227846056445195,61.64468611624561,0.007165695017687281,0.03733928898569412,0.0009516014006659665,0.027591302249751745,0.93,0.935,0.925
