n,d,K,alpha,sparsity,Bias_Plugin,Bias_IPW,Bias_Debiased,Bias_Debiased_No_Cross,Variance_Plugin,Variance_IPW,Variance_Debiased,Variance_Debiased_No_Cross,MSE_Plugin,MSE_IPW,MSE_Debiased,MSE_Debiased_No_Cross,Coverage_Probability,Coverage_Probability_No_Cross
50,200,100,0.662580132484436,75,0.0024039624500746294,0.07142870113008846,0.0036298134103672297,0.000772433576077356,0.0010215679170841722,1.2308528113814226,0.004586918039660649,0.0014333148416365256,0.001027346952545541,1.2359548707265544,0.004600093585054731,0.0014339114952659773,0.9,0.93
