n,d,K,alpha,sparsity,Bias_Plugin,Bias_IPW,Bias_IPW_No_Cross,Bias_Debiased,Bias_Debiased_No_Cross,Bias_Debiased_Single_Fold,Variance_Plugin,Variance_IPW,Variance_IPW_No_Cross,Variance_Debiased,Variance_Debiased_No_Cross,Variance_Debiased_Single_Fold,MSE_Plugin,MSE_IPW,MSE_IPW_No_Cross,MSE_Debiased,MSE_Debiased_No_Cross,MSE_Debiased_Single_Fold,Coverage_Probability,Coverage_Probability_No_Cross,Coverage_Probability_Single_Fold
100,200,100,1.2249547243118286,10,0.0005075176481382271,-0.0569334563375046,0.006863383970400304,0.002795732437281772,0.0007383626098723929,0.0006650728938757776,0.0007104508584918523,0.1030920316153032,0.007193216357901135,0.0015239377821023928,0.0007231301650210977,0.0021317037472579365,0.0007107084326550239,0.1063334500658377,0.007240322397426283,0.0015317539019632628,0.0007236753443647555,0.0021321460692121054,0.91,0.94,0.94
