n,d,K,alpha,sparsity,Bias_Plugin,Bias_IPW,Bias_IPW_No_Cross,Bias_Debiased,Bias_Debiased_No_Cross,Bias_Debiased_Single_Fold,Variance_Plugin,Variance_IPW,Variance_IPW_No_Cross,Variance_Debiased,Variance_Debiased_No_Cross,Variance_Debiased_Single_Fold,MSE_Plugin,MSE_IPW,MSE_IPW_No_Cross,MSE_Debiased,MSE_Debiased_No_Cross,MSE_Debiased_Single_Fold,Coverage_Probability,Coverage_Probability_No_Cross,Coverage_Probability_Single_Fold
10,200,100,0.20166337490081787,190,-0.051335938289483546,-0.5606116201806002,0.03687061218020367,-0.04427180820207497,-0.05432589492905981,-0.03292588677247638,0.8304416200800118,19.793296741998216,1.9812343187042716,0.8433390869458028,0.8464789866792363,0.8592277511358685,0.8330769986400736,20.107582130679738,1.9825937607468151,0.8452990799472841,0.8494302895390797,0.8603118651556223,0.06,0.31,0.06
