n,d,K,alpha,sparsity,Bias_Plugin,Bias_IPW,Bias_Debiased,Bias_Debiased_No_Cross,Variance_Plugin,Variance_IPW,Variance_Debiased,Variance_Debiased_No_Cross,MSE_Plugin,MSE_IPW,MSE_Debiased,MSE_Debiased_No_Cross,Coverage_Probability,Coverage_Probability_No_Cross
100,200,100,0.30024945735931396,175,-0.03626111556663103,0.9365736554229452,-0.013761919861666059,-7143.118981155013,0.00043056327822987855,133.05808178757707,0.031476859111028765,1076402741.938286,0.00174543178036645,133.93525199960936,0.03166624954930768,1127426890.717223,0.26,0.66
