n,d,K,alpha,sparsity,Bias_Plugin,Bias_IPW,Bias_Debiased,Bias_Debiased_No_Cross,Variance_Plugin,Variance_IPW,Variance_Debiased,Variance_Debiased_No_Cross,MSE_Plugin,MSE_IPW,MSE_Debiased,MSE_Debiased_No_Cross,Coverage_Probability,Coverage_Probability_No_Cross
20,200,100,0.5742889642715454,100,0.001690550393877487,0.04639503810367186,0.0059351660169483424,-82867.88500682812,0.0027064613810250933,0.06486006269326393,0.005301536843793687,3965182129429.7437,0.0027093193416593327,0.0670125622539051,0.005336763039442426,3972049215795.248,0.95,0.45
