n,d,K,alpha,sparsity,Bias_Plugin,Bias_IPW,Bias_IPW_No_Cross,Bias_Debiased,Bias_Debiased_No_Cross,Bias_Debiased_Single_Fold,Variance_Plugin,Variance_IPW,Variance_IPW_No_Cross,Variance_Debiased,Variance_Debiased_No_Cross,Variance_Debiased_Single_Fold,MSE_Plugin,MSE_IPW,MSE_IPW_No_Cross,MSE_Debiased,MSE_Debiased_No_Cross,MSE_Debiased_Single_Fold,Coverage_Probability,Coverage_Probability_No_Cross,Coverage_Probability_Single_Fold
10,200,100,0.953795313835144,25,0.0009550981826532314,-0.00402784048836224,-0.025479368416844714,0.0011686076743755878,0.002303817579272128,0.0005225622700013063,0.00401627349763822,0.12285911463341735,0.10890305751180104,0.004201301323755974,0.009100491275723736,0.0062469515103529705,0.004017185710176726,0.12287533813241701,0.10955225572672235,0.004202666967652584,0.0091057988511623,0.006247224581679001,0.95,0.94,0.96
