n,d,K,alpha,sparsity,Bias_Plugin,Bias_IPW,Bias_Debiased,Bias_Debiased_No_Cross,Variance_Plugin,Variance_IPW,Variance_Debiased,Variance_Debiased_No_Cross,MSE_Plugin,MSE_IPW,MSE_Debiased,MSE_Debiased_No_Cross,Coverage_Probability,Coverage_Probability_No_Cross
50,200,100,0.953795313835144,25,0.005505681687787467,-0.031075452425560323,0.011452508452399514,-0.004688715665030373,0.0008955051353899446,0.3285845573485191,0.023077485635464617,0.00293940255723888,0.0009258176662371828,0.32955024109197234,0.02320864558531689,0.0029613866118263833,0.92,0.91
