n,d,K,alpha,sparsity,Bias_Plugin,Bias_IPW,Bias_IPW_No_Cross,Bias_Debiased,Bias_Debiased_No_Cross,Bias_Debiased_Single_Fold,Variance_Plugin,Variance_IPW,Variance_IPW_No_Cross,Variance_Debiased,Variance_Debiased_No_Cross,Variance_Debiased_Single_Fold,MSE_Plugin,MSE_IPW,MSE_IPW_No_Cross,MSE_Debiased,MSE_Debiased_No_Cross,MSE_Debiased_Single_Fold,Coverage_Probability,Coverage_Probability_No_Cross,Coverage_Probability_Single_Fold
4,200,100,1.2249547243118286,10,0.010325475655722007,-0.031269718152583274,-0.08681637683137611,0.005864294423206986,-0.0109812964033146,0.009496268564943367,0.007856809551920495,0.07303226750186474,0.6200312989869876,0.008675974056513477,0.011740854011783621,0.013721636362949662,0.007963424999437401,0.07401006277520675,0.627568382273115,0.008710364005595534,0.011861442882481074,0.013811815479607198,0.91,0.56,0.94
