n,d,K,alpha,sparsity,Bias_Plugin,Bias_IPW,Bias_IPW_No_Cross,Bias_Debiased,Bias_Debiased_No_Cross,Bias_Debiased_Single_Fold,Variance_Plugin,Variance_IPW,Variance_IPW_No_Cross,Variance_Debiased,Variance_Debiased_No_Cross,Variance_Debiased_Single_Fold,MSE_Plugin,MSE_IPW,MSE_IPW_No_Cross,MSE_Debiased,MSE_Debiased_No_Cross,MSE_Debiased_Single_Fold,Coverage_Probability,Coverage_Probability_No_Cross,Coverage_Probability_Single_Fold
100,200,100,0.5742889642715454,100,-0.004934540879823114,-0.05203979338909275,-0.00798111689581183,-0.011934798028072567,0.0015582194255028099,-0.014502106589788162,0.0059568927754435315,0.32765126222969554,0.009756327444161503,0.013776141209118901,0.003925178326169254,0.020049364031629154,0.005981242469138179,0.33035940232567507,0.009820025671066115,0.013918580613089784,0.003927606373947267,0.02025967512717073,0.605,0.62,0.695
