n,d,K,alpha,sparsity,Bias_Plugin,Bias_IPW,Bias_IPW_No_Cross,Bias_Debiased,Bias_Debiased_No_Cross,Bias_Debiased_Single_Fold,Variance_Plugin,Variance_IPW,Variance_IPW_No_Cross,Variance_Debiased,Variance_Debiased_No_Cross,Variance_Debiased_Single_Fold,MSE_Plugin,MSE_IPW,MSE_IPW_No_Cross,MSE_Debiased,MSE_Debiased_No_Cross,MSE_Debiased_Single_Fold,Coverage_Probability,Coverage_Probability_No_Cross,Coverage_Probability_Single_Fold
100,200,100,0.49258530139923096,125,0.007346314544695889,0.1337775420723525,-0.0016340077384034962,0.0002494587247188118,0.010925662465803856,-0.008906311139161883,0.023915479102177572,1.5241976900928824,0.02429392266856835,0.03539889399182157,0.011161939436938858,0.036915414192127696,0.02396944743956718,1.5420941208558023,0.024296592649857517,0.0353989562214769,0.011281309537255533,0.036994736570235255,0.325,0.455,0.435
