n,d,K,alpha,sparsity,Bias_Plugin,Bias_IPW,Bias_Debiased,Bias_Debiased_No_Cross,Variance_Plugin,Variance_IPW,Variance_Debiased,Variance_Debiased_No_Cross,MSE_Plugin,MSE_IPW,MSE_Debiased,MSE_Debiased_No_Cross,Coverage_Probability,Coverage_Probability_No_Cross
500,200,100,0.30024945735931396,175,-0.02876272566631597,0.01449295788732689,-0.10286250148660298,-0.017163239756970393,0.02463429428485333,0.3196710930850011,0.24160854784958283,0.00014192416299066315,0.02546158867260908,0.319881138913325,0.25218924206166415,0.00043650096194591223,0.76,0.66
