n,d,K,alpha,sparsity,Bias_Plugin,Bias_IPW,Bias_IPW_No_Cross,Bias_Debiased,Bias_Debiased_No_Cross,Bias_Debiased_Single_Fold,Variance_Plugin,Variance_IPW,Variance_IPW_No_Cross,Variance_Debiased,Variance_Debiased_No_Cross,Variance_Debiased_Single_Fold,MSE_Plugin,MSE_IPW,MSE_IPW_No_Cross,MSE_Debiased,MSE_Debiased_No_Cross,MSE_Debiased_Single_Fold,Coverage_Probability,Coverage_Probability_No_Cross,Coverage_Probability_Single_Fold
4,200,100,0.30024945735931396,175,-0.01841008275367403,0.009488548126672328,-0.1301802635913604,-0.044091501836130566,-0.020190763501534995,-0.03850208544910158,0.22946827254486468,1.0257594226317466,2.10671816998949,0.2114530341158326,0.31118164697675577,0.20934057066281486,0.2298072036918618,1.0258494551772988,2.123665071018206,0.2133970946499981,0.31158931390753064,0.2108229812467448,0.23,0.2,0.29
