n,d,K,alpha,sparsity,Bias_Plugin,Bias_IPW,Bias_Debiased,Bias_Debiased_No_Cross,Variance_Plugin,Variance_IPW,Variance_Debiased,Variance_Debiased_No_Cross,MSE_Plugin,MSE_IPW,MSE_Debiased,MSE_Debiased_No_Cross,Coverage_Probability,Coverage_Probability_No_Cross
50,200,100,0.30024945735931396,175,-0.049979504714301244,0.1352244023303676,0.2978989680306892,-25638.83477899485,0.011714433108105887,0.47568641730439537,11.329503684095037,38296130955.31178,0.014212383999592744,0.4939720562900006,11.418247479248787,38953480804.13638,0.5,0.59
