n,d,K,alpha,sparsity,Bias_Plugin,Bias_IPW,Bias_IPW_No_Cross,Bias_Debiased,Bias_Debiased_No_Cross,Bias_Debiased_Single_Fold,Variance_Plugin,Variance_IPW,Variance_IPW_No_Cross,Variance_Debiased,Variance_Debiased_No_Cross,Variance_Debiased_Single_Fold,MSE_Plugin,MSE_IPW,MSE_IPW_No_Cross,MSE_Debiased,MSE_Debiased_No_Cross,MSE_Debiased_Single_Fold,Coverage_Probability,Coverage_Probability_No_Cross,Coverage_Probability_Single_Fold
10,200,100,0.7729858160018921,50,-0.0001648369268449726,-0.024003183197531464,0.028156317110260915,-0.005948115486622357,-0.004607985712017951,-0.007973937967257943,0.0025784070120367917,0.0743769949365791,0.12857989425519287,0.0027908018031559136,0.005872031699551544,0.004689915669886747,0.0025784341832492436,0.07495314774019336,0.12937267244840644,0.0028261818809981105,0.005893265231873707,0.004753499356592425,0.925,0.95,0.96
