n,d,K,sparsity,Bias_Plugin,Bias_IPW,Bias_Debiased,Variance_Plugin,Variance_IPW,Variance_Debiased,MSE_Plugin,MSE_IPW,MSE_Debiased,Coverage_Probability
500,200,100,100,-0.000790317105460956,0.001935837241214442,-0.00038342309070191205,5.5631226176472736e-05,0.05200576697330421,7.360477908236996e-05,5.625582730365692e-05,0.05200951443912867,7.375179234885339e-05,0.94
