n,d,K,alpha,sparsity,Bias_Plugin,Bias_IPW,Bias_IPW_No_Cross,Bias_Debiased,Bias_Debiased_No_Cross,Bias_Debiased_Single_Fold,Variance_Plugin,Variance_IPW,Variance_IPW_No_Cross,Variance_Debiased,Variance_Debiased_No_Cross,Variance_Debiased_Single_Fold,MSE_Plugin,MSE_IPW,MSE_IPW_No_Cross,MSE_Debiased,MSE_Debiased_No_Cross,MSE_Debiased_Single_Fold,Coverage_Probability,Coverage_Probability_No_Cross,Coverage_Probability_Single_Fold
50,200,100,0.953795313835144,25,-0.0007041739910336995,-0.029520872182164606,-0.009158546793433076,-0.004468790169966173,-0.0001933443092744408,-0.00621390347079137,0.001436214433097416,0.05320235571428853,0.012424577708786294,0.0039233197930937476,0.0014016097633264778,0.003588553162807571,0.0014367102941070641,0.05407383760868422,0.012508456688153795,0.003943289878676932,0.001401647145348407,0.0036271657591518845,0.92,0.98,0.97
