n,d,K,alpha,sparsity,Bias_Plugin,Bias_IPW,Bias_IPW_No_Cross,Bias_Debiased,Bias_Debiased_No_Cross,Bias_Debiased_Single_Fold,Variance_Plugin,Variance_IPW,Variance_IPW_No_Cross,Variance_Debiased,Variance_Debiased_No_Cross,Variance_Debiased_Single_Fold,MSE_Plugin,MSE_IPW,MSE_IPW_No_Cross,MSE_Debiased,MSE_Debiased_No_Cross,MSE_Debiased_Single_Fold,Coverage_Probability,Coverage_Probability_No_Cross,Coverage_Probability_Single_Fold
50,200,100,0.40689289569854736,150,0.024297192024870864,-0.03286662885690281,0.0328433137918394,0.06797802222363826,0.015196656395092515,0.06235745960193282,0.05559536647392777,0.3700966319254598,0.07214541924343613,0.32637011183431347,0.043081620397051594,0.301480990739811,0.056185720014221216,0.3711768472178772,0.07322410250426535,0.330991123339751,0.04331255876264211,0.30536944350781764,0.23,0.38,0.265
