n,d,K,alpha,sparsity,Bias_Plugin,Bias_IPW,Bias_Debiased,Bias_Debiased_No_Cross,Variance_Plugin,Variance_IPW,Variance_Debiased,Variance_Debiased_No_Cross,MSE_Plugin,MSE_IPW,MSE_Debiased,MSE_Debiased_No_Cross,Coverage_Probability,Coverage_Probability_No_Cross
20,200,100,0.40689289569854736,150,-0.007506643037718312,0.0358151038088129,-0.00976358805000316,-0.009615292685162204,0.001026407743436745,0.12325597675296791,0.0007005496491140347,0.0007925322710434962,0.0010827574331324697,0.12453869841380395,0.0007958773007241991,0.0008849861244648298,0.96,0.96
