n,d,K,alpha,sparsity,Bias_Plugin,Bias_IPW,Bias_Debiased,Bias_Debiased_No_Cross,Variance_Plugin,Variance_IPW,Variance_Debiased,Variance_Debiased_No_Cross,MSE_Plugin,MSE_IPW,MSE_Debiased,MSE_Debiased_No_Cross,Coverage_Probability,Coverage_Probability_No_Cross
50,200,100,0.5742889642715454,100,0.0007466006604215636,-0.1907072852132816,-0.0038647076388886527,12454.1624272108,0.0006367160301930818,2.9275220451393493,0.002715748462858365,12449128423.22582,0.0006372734427392238,2.9638913137727694,0.00273068442799245,12604234584.989172,0.93,0.65
