n,d,K,alpha,sparsity,Bias_Plugin,Bias_IPW,Bias_Debiased,Bias_Debiased_No_Cross,Variance_Plugin,Variance_IPW,Variance_Debiased,Variance_Debiased_No_Cross,MSE_Plugin,MSE_IPW,MSE_Debiased,MSE_Debiased_No_Cross,Coverage_Probability,Coverage_Probability_No_Cross
50,200,100,0.0,200,-0.3257610168233171,-0.8628542134428231,-0.3220832463806779,-0.05790022119448212,0.003644464436613931,10.732760693026957,0.007249647531035412,0.031187116224008524,0.1097647045183754,11.477278086682986,0.11098726513015184,0.03453955183837848,0.02,0.96
