n,d,K,sparsity,Bias_Plugin,Bias_IPW,Bias_Debiased,Variance_Plugin,Variance_IPW,Variance_Debiased,MSE_Plugin,MSE_IPW,MSE_Debiased,Coverage_Probability
100,200,100,75,0.00966476554719249,0.050664753697159275,0.01016611331850752,0.005774395667501077,0.03851180492546522,0.005998212806909171,0.0058678033605832755,0.04107872219265904,0.006101562666913909,0.95
