n,d,K,alpha,sparsity,Bias_Plugin,Bias_IPW,Bias_IPW_No_Cross,Bias_Debiased,Bias_Debiased_No_Cross,Variance_Plugin,Variance_IPW,Variance_IPW_No_Cross,Variance_Debiased,Variance_Debiased_No_Cross,MSE_Plugin,MSE_IPW,MSE_IPW_No_Cross,MSE_Debiased,MSE_Debiased_No_Cross,Coverage_Probability,Coverage_Probability_No_Cross
100,50,30,1.4395862817764282,5,-0.0011462889981681023,-0.13563270927020574,0.0073112322826846135,-0.019455607378632528,-0.004112024296895298,0.07487558281216437,0.7147081829600849,0.013213075938854554,0.05420952400905756,0.001088676935135343,0.07487689679063168,0.7331044147840609,0.013266530056345921,0.05458804466752906,0.0011055856789536004,0.87,0.97
