n,d,K,alpha,sparsity,Bias_Plugin,Bias_IPW,Bias_IPW_No_Cross,Bias_Debiased,Bias_Debiased_No_Cross,Bias_Debiased_Single_Fold,Variance_Plugin,Variance_IPW,Variance_IPW_No_Cross,Variance_Debiased,Variance_Debiased_No_Cross,Variance_Debiased_Single_Fold,MSE_Plugin,MSE_IPW,MSE_IPW_No_Cross,MSE_Debiased,MSE_Debiased_No_Cross,MSE_Debiased_Single_Fold,Coverage_Probability,Coverage_Probability_No_Cross,Coverage_Probability_Single_Fold
100,200,100,0.30024945735931396,175,-0.09037323430619378,-0.09606747540115261,-0.09579510355194508,-0.14015318296209664,-0.10192325746824146,-0.14666366147103896,0.25450020848639143,6.2262433683595315,0.27224016499377557,0.3934546390060269,0.23949113621187657,0.37523711632588996,0.26266752996535364,6.235472328189484,0.28141686685830336,0.4130975537004338,0.24987948662481402,0.3967473459219816,0.11,0.16,0.1
