n,d,K,alpha,sparsity,Bias_Plugin,Bias_IPW,Bias_IPW_No_Cross,Bias_Debiased,Bias_Debiased_No_Cross,Bias_Debiased_Single_Fold,Variance_Plugin,Variance_IPW,Variance_IPW_No_Cross,Variance_Debiased,Variance_Debiased_No_Cross,Variance_Debiased_Single_Fold,MSE_Plugin,MSE_IPW,MSE_IPW_No_Cross,MSE_Debiased,MSE_Debiased_No_Cross,MSE_Debiased_Single_Fold,Coverage_Probability,Coverage_Probability_No_Cross,Coverage_Probability_Single_Fold
100,200,100,0.30024945735931396,175,0.02413776349120667,0.003854736424152625,0.04175355109937709,0.03018007376808126,0.03753643477527906,0.02619572455140183,0.25878272183450407,3.779375909789652,0.2780772609249137,0.5348939832131612,0.2158381359305878,0.4692760220112352,0.25936535346086154,3.7793907687825516,0.27982061995432195,0.535804820065808,0.21724711986622655,0.46996223799600806,0.105,0.22,0.16
