n,d,K,alpha,sparsity,Bias_Plugin,Bias_IPW,Bias_Debiased,Bias_Debiased_No_Cross,Variance_Plugin,Variance_IPW,Variance_Debiased,Variance_Debiased_No_Cross,MSE_Plugin,MSE_IPW,MSE_Debiased,MSE_Debiased_No_Cross,Coverage_Probability,Coverage_Probability_No_Cross
100,200,100,0.49258530139923096,125,-0.003349274530058106,0.005285882242802489,-0.006211759637335528,-0.005148985442714169,0.0002328320947352601,0.11079579585823668,0.0004035781493628528,0.00023927609268962116,0.00024404973461295606,0.11082373640932146,0.0004421641071548835,0.0002657881437789036,0.89,0.94
