n,d,K,alpha,sparsity,Bias_Plugin,Bias_IPW,Bias_Debiased,Bias_Debiased_No_Cross,Variance_Plugin,Variance_IPW,Variance_Debiased,Variance_Debiased_No_Cross,MSE_Plugin,MSE_IPW,MSE_Debiased,MSE_Debiased_No_Cross,Coverage_Probability,Coverage_Probability_No_Cross
30,200,100,0.953795313835144,25,0.0019373124296107713,0.058469639657590174,-0.005281873706002287,0.0018364507817595882,0.003261619147480318,0.1030885855394065,0.0062934247653678955,0.0039130437395627675,0.0032653723269302436,0.10650728430109493,0.0063213229552140544,0.003916416291036593,0.96,0.94
