n,d,K,alpha,sparsity,Bias_Plugin,Bias_IPW,Bias_Debiased,Bias_Debiased_No_Cross,Variance_Plugin,Variance_IPW,Variance_Debiased,Variance_Debiased_No_Cross,MSE_Plugin,MSE_IPW,MSE_Debiased,MSE_Debiased_No_Cross,Coverage_Probability,Coverage_Probability_No_Cross
10,200,100,0.20166337490081787,190,-0.0952761245005955,0.06842521708626896,-0.08724081981324698,-0.09093257666320563,0.002175627435721644,2.8498671077723867,0.006551955491430693,0.025970171659466582,0.011253167335574622,2.8545491181056892,0.014162916133118122,0.03423890515807635,0.4,0.86
