n,d,K,alpha,sparsity,Bias_Plugin,Bias_IPW,Bias_IPW_No_Cross,Bias_Debiased,Bias_Debiased_No_Cross,Bias_Debiased_Single_Fold,Variance_Plugin,Variance_IPW,Variance_IPW_No_Cross,Variance_Debiased,Variance_Debiased_No_Cross,Variance_Debiased_Single_Fold,MSE_Plugin,MSE_IPW,MSE_IPW_No_Cross,MSE_Debiased,MSE_Debiased_No_Cross,MSE_Debiased_Single_Fold,Coverage_Probability,Coverage_Probability_No_Cross,Coverage_Probability_Single_Fold
50,200,100,0.953795313835144,25,0.004165850942609954,0.057445346903213644,-0.01577355231866673,0.0018763292857204177,-0.00178083134964464,0.0007924018356254192,0.0060965544826381045,0.1527289506037171,0.01646565451672387,0.008068904977688524,0.002155870762717937,0.019672566988563223,0.006113908796714149,0.15602891848454764,0.01671445946947359,0.008072425589276977,0.002159042123013814,0.01967319488923233,0.935,0.945,0.945
