n,d,K,alpha,sparsity,Bias_Plugin,Bias_IPW,Bias_Debiased,Bias_Debiased_No_Cross,Variance_Plugin,Variance_IPW,Variance_Debiased,Variance_Debiased_No_Cross,MSE_Plugin,MSE_IPW,MSE_Debiased,MSE_Debiased_No_Cross,Coverage_Probability,Coverage_Probability_No_Cross
10,200,100,0.7729858160018921,50,0.022661903156781172,0.031184910288331258,-0.05019049292247146,3746508.6048363196,0.015244383554427693,0.11878590465054648,0.2686871039435928,1093647838967210.2,0.01575794540911503,0.11975840328023774,0.2712061895233935,1107684165693323.0,0.93,0.19
