n,d,K,alpha,sparsity,Bias_Plugin,Bias_IPW,Bias_Debiased,Bias_Debiased_No_Cross,Variance_Plugin,Variance_IPW,Variance_Debiased,Variance_Debiased_No_Cross,MSE_Plugin,MSE_IPW,MSE_Debiased,MSE_Debiased_No_Cross,Coverage_Probability,Coverage_Probability_No_Cross
100,200,100,0.7729858160018921,50,0.021844180742547844,0.06191607575109151,-0.0059238944739777736,-3801.016006262006,0.021650449429995642,0.17537781844701847,0.02924607797078237,483439546.0409628,0.02212761766230874,0.17921141888343337,0.029281170496521194,497887268.7208228,0.94,0.74
