n,d,K,alpha,sparsity,Bias_Plugin,Bias_IPW,Bias_IPW_No_Cross,Bias_Debiased,Bias_Debiased_No_Cross,Bias_Debiased_Single_Fold,Variance_Plugin,Variance_IPW,Variance_IPW_No_Cross,Variance_Debiased,Variance_Debiased_No_Cross,Variance_Debiased_Single_Fold,MSE_Plugin,MSE_IPW,MSE_IPW_No_Cross,MSE_Debiased,MSE_Debiased_No_Cross,MSE_Debiased_Single_Fold,Coverage_Probability,Coverage_Probability_No_Cross,Coverage_Probability_Single_Fold
50,200,100,0.30024945735931396,175,-0.015151802807454907,0.07283008642686843,0.036833514915018524,0.025801206717231868,0.010892940357646786,0.02700426824782901,0.3403254939433898,4.367837361467586,0.27544319245134796,0.3524903472139698,0.23534675099284044,0.3696645150430787,0.3405550710717058,4.373141582956532,0.2767999002723428,0.35315604948203516,0.23546540714247569,0.3703937455466794,0.145,0.22,0.175
