n,d,K,alpha,sparsity,Bias_Plugin,Bias_IPW,Bias_Debiased,Bias_Debiased_No_Cross,Variance_Plugin,Variance_IPW,Variance_Debiased,Variance_Debiased_No_Cross,MSE_Plugin,MSE_IPW,MSE_Debiased,MSE_Debiased_No_Cross,Coverage_Probability,Coverage_Probability_No_Cross
30,200,100,0.662580132484436,75,-0.0024398148073954827,0.05737920367703194,0.004621904100047735,-0.004512434485991809,0.0026497323800600274,0.03589065231168955,0.005538379763840958,0.0021023595091957453,0.002655685076354414,0.039183025326299865,0.005559741761350997,0.002122721574186113,0.94,0.94
