n,d,K,alpha,sparsity,Bias_Plugin,Bias_IPW,Bias_Debiased,Bias_Debiased_No_Cross,Variance_Plugin,Variance_IPW,Variance_Debiased,Variance_Debiased_No_Cross,MSE_Plugin,MSE_IPW,MSE_Debiased,MSE_Debiased_No_Cross,Coverage_Probability,Coverage_Probability_No_Cross
4,200,100,0.0,200,-0.5409988580496592,-3.893086050462721,-0.4574328888858766,0.0017896550375265097,2.0275775621393572,0.5737351450914034,0.9742378327807921,0.14560678628127616,2.3202573265503927,15.729854141398825,1.1834826806152707,0.1456099891464295,0.27,0.9
