n,d,K,alpha,sparsity,Bias_Plugin,Bias_IPW,Bias_IPW_No_Cross,Bias_Debiased,Bias_Debiased_No_Cross,Bias_Debiased_Single_Fold,Variance_Plugin,Variance_IPW,Variance_IPW_No_Cross,Variance_Debiased,Variance_Debiased_No_Cross,Variance_Debiased_Single_Fold,MSE_Plugin,MSE_IPW,MSE_IPW_No_Cross,MSE_Debiased,MSE_Debiased_No_Cross,MSE_Debiased_Single_Fold,Coverage_Probability,Coverage_Probability_No_Cross,Coverage_Probability_Single_Fold
200,200,100,0.662580132484436,75,-0.0025509419647691996,0.0027756135597778327,-0.005275074387667816,-0.003959207357710987,-0.001775335192613473,-0.006261391012229734,0.0033681191795425446,0.08184499804600442,0.005142667231181414,0.004977788067087556,0.0009456413146108133,0.011358162407819061,0.003374626484450165,0.08185270207663764,0.0051704936409768445,0.004993463389988909,0.0009487931296569452,0.011397367425227092,0.765,0.785,0.855
