n,d,K,sparsity,Bias_Plugin,Bias_IPW,Bias_Debiased,Variance_Plugin,Variance_IPW,Variance_Debiased,MSE_Plugin,MSE_IPW,MSE_Debiased,Coverage_Probability
10,200,100,100,0.0005079297972116093,0.04703796247250262,0.00016510158428190814,0.002714856585367601,0.04161731315362067,0.0026308925749397465,0.0027151145780464968,0.043829883067185216,0.002630919833472878,0.93
