n,d,K,alpha,sparsity,Bias_Plugin,Bias_IPW,Bias_Debiased,Bias_Debiased_No_Cross,Variance_Plugin,Variance_IPW,Variance_Debiased,Variance_Debiased_No_Cross,MSE_Plugin,MSE_IPW,MSE_Debiased,MSE_Debiased_No_Cross,Coverage_Probability,Coverage_Probability_No_Cross
20,200,100,0.7729858160018921,50,0.000580620915858675,0.045152367803420745,0.019008224330168598,249177.5047661447,0.007731917858860772,0.06139380366109218,0.0691789349891412,15630930149830.045,0.007732254979508705,0.06343253997934756,0.06954024758132722,15693019578711.525,0.93,0.46
