n,d,K,alpha,sparsity,Bias_Plugin,Bias_IPW,Bias_Debiased,Bias_Debiased_No_Cross,Variance_Plugin,Variance_IPW,Variance_Debiased,Variance_Debiased_No_Cross,MSE_Plugin,MSE_IPW,MSE_Debiased,MSE_Debiased_No_Cross,Coverage_Probability,Coverage_Probability_No_Cross
10,200,100,0.20166337490081787,190,-0.07891275466451772,-0.21053552898685093,-0.19653915903756,-9771484.98088938,0.02595703786875352,2.7091328630683464,1.0054692802185512,4208226059962132.0,0.03218426071749589,2.7534580720341193,1.0440969212537423,4303707978693879.0,0.37,0.09
