n,d,K,alpha,sparsity,Bias_Plugin,Bias_IPW,Bias_IPW_No_Cross,Bias_Debiased,Bias_Debiased_No_Cross,Bias_Debiased_Single_Fold,Variance_Plugin,Variance_IPW,Variance_IPW_No_Cross,Variance_Debiased,Variance_Debiased_No_Cross,Variance_Debiased_Single_Fold,MSE_Plugin,MSE_IPW,MSE_IPW_No_Cross,MSE_Debiased,MSE_Debiased_No_Cross,MSE_Debiased_Single_Fold,Coverage_Probability,Coverage_Probability_No_Cross,Coverage_Probability_Single_Fold
100,200,100,0.49258530139923096,125,0.011727436702647604,-0.008397425740402621,0.0048944612598152415,0.018209228890330758,0.008326940020479907,0.015837694617668735,0.030245568331984173,0.9761914172291661,0.025712690985899588,0.14444591419699265,0.011008552707182637,0.12502701644296724,0.03038310110359878,0.9762619339882315,0.025736646736923424,0.14477749021377315,0.011077890637287303,0.12527784901376976,0.37,0.46,0.43
