n,d,K,alpha,sparsity,Bias_Plugin,Bias_IPW,Bias_IPW_No_Cross,Bias_Debiased,Bias_Debiased_No_Cross,Bias_Debiased_Single_Fold,Variance_Plugin,Variance_IPW,Variance_IPW_No_Cross,Variance_Debiased,Variance_Debiased_No_Cross,Variance_Debiased_Single_Fold,MSE_Plugin,MSE_IPW,MSE_IPW_No_Cross,MSE_Debiased,MSE_Debiased_No_Cross,MSE_Debiased_Single_Fold,Coverage_Probability,Coverage_Probability_No_Cross,Coverage_Probability_Single_Fold
10,200,100,0.662580132484436,75,-0.00877286004317056,-0.036450388771130174,-0.018662294757326156,-0.009205277584431295,-0.00960396835450568,-0.01225892385062598,0.002893747028600335,0.10011407445408597,0.1153879070564512,0.002774958274875134,0.007835555500521616,0.005189494770235566,0.002970710101937394,0.10144270529565254,0.11573618830206053,0.0028596954102815676,0.007927791708675963,0.005339775984211013,0.93,0.92,0.94
