n,d,K,alpha,sparsity,Bias_Plugin,Bias_IPW,Bias_IPW_No_Cross,Bias_Debiased,Bias_Debiased_No_Cross,Bias_Debiased_Single_Fold,Variance_Plugin,Variance_IPW,Variance_IPW_No_Cross,Variance_Debiased,Variance_Debiased_No_Cross,Variance_Debiased_Single_Fold,MSE_Plugin,MSE_IPW,MSE_IPW_No_Cross,MSE_Debiased,MSE_Debiased_No_Cross,MSE_Debiased_Single_Fold,Coverage_Probability,Coverage_Probability_No_Cross,Coverage_Probability_Single_Fold
200,200,100,0.30024945735931396,175,0.07976741227615976,0.12128485631532067,0.10808303232899644,-0.03615417079831155,0.10809512529229,-0.03361910597007062,0.32165048734244067,1.1884875731119278,0.2592943417135819,1.7388023203976348,0.21776789655918308,1.7363058796857975,0.32801332740367534,1.2031975894833558,0.2709762835910128,1.7401094444637488,0.22945245267113892,1.7374361239720242,0.08,0.15,0.12
