n,d,K,alpha,sparsity,Bias_Plugin,Bias_IPW,Bias_Debiased,Bias_Debiased_No_Cross,Variance_Plugin,Variance_IPW,Variance_Debiased,Variance_Debiased_No_Cross,MSE_Plugin,MSE_IPW,MSE_Debiased,MSE_Debiased_No_Cross,Coverage_Probability,Coverage_Probability_No_Cross
4,200,100,0.30024945735931396,175,0.014193044611634892,1.0406769858477671,-0.001888089829984767,-0.024745859542830023,0.0830244625631659,0.0012352091827940053,0.059688612813547266,0.007964246128157233,0.08322590507851375,1.0842437980559874,0.05969217769675336,0.008576603692670704,0.24,0.67
