n,d,K,alpha,sparsity,Bias_Plugin,Bias_IPW,Bias_Debiased,Bias_Debiased_No_Cross,Variance_Plugin,Variance_IPW,Variance_Debiased,Variance_Debiased_No_Cross,MSE_Plugin,MSE_IPW,MSE_Debiased,MSE_Debiased_No_Cross,Coverage_Probability,Coverage_Probability_No_Cross
100,200,100,0.20166337490081787,190,-0.08221848672626818,-0.05812846375600469,-0.09694203828719758,-0.047065723995796976,0.005554647076058715,0.3576517868839093,0.014074668120422329,0.003477324461779594,0.012314526635616248,0.36103070518254243,0.023472426907698806,0.0056925068370281325,0.05,0.82
