n,d,K,alpha,sparsity,Bias_Plugin,Bias_IPW,Bias_IPW_No_Cross,Bias_Debiased,Bias_Debiased_No_Cross,Bias_Debiased_Single_Fold,Variance_Plugin,Variance_IPW,Variance_IPW_No_Cross,Variance_Debiased,Variance_Debiased_No_Cross,Variance_Debiased_Single_Fold,MSE_Plugin,MSE_IPW,MSE_IPW_No_Cross,MSE_Debiased,MSE_Debiased_No_Cross,MSE_Debiased_Single_Fold,Coverage_Probability,Coverage_Probability_No_Cross,Coverage_Probability_Single_Fold
200,200,100,0.0,200,0.03467981295018033,-11.26615721777613,-0.16190844656276646,0.016346750642585287,-0.1968221939248307,0.007473588240600417,26.85223633018341,4450.914059484985,30.430781000118206,31.58554955587282,27.414922766828628,31.55376722021924,26.853439019609663,4577.840357940634,30.456995345186574,31.585816772129398,27.45366174285001,31.553823074740436,0.04,0.0,0.05
