n,d,K,alpha,sparsity,Bias_Plugin,Bias_IPW,Bias_Debiased,Bias_Debiased_No_Cross,Variance_Plugin,Variance_IPW,Variance_Debiased,Variance_Debiased_No_Cross,MSE_Plugin,MSE_IPW,MSE_Debiased,MSE_Debiased_No_Cross,Coverage_Probability,Coverage_Probability_No_Cross
20,200,100,0.40689289569854736,150,-0.007495266004844856,0.048816201509501694,-0.009204090678007107,-152149.56528140706,0.0010983254018858684,0.0681373155954914,0.0011896148877953326,655590801288.3209,0.0011545044143692516,0.07052033712530768,0.00127433017300431,678740291503.6421,0.93,0.49
