n,d,K,alpha,sparsity,Bias_Plugin,Bias_IPW,Bias_Debiased,Bias_Debiased_No_Cross,Variance_Plugin,Variance_IPW,Variance_Debiased,Variance_Debiased_No_Cross,MSE_Plugin,MSE_IPW,MSE_Debiased,MSE_Debiased_No_Cross,Coverage_Probability,Coverage_Probability_No_Cross
100,200,100,0.49258530139923096,125,-0.0003713521972841194,0.08405386865092096,0.0015849691170427937,33.15642165222244,0.0015661847437958953,0.4162950546089869,0.005438032212362038,38454375.54772003,0.0015663226462503232,0.4233601074441731,0.005440544339464017,38455474.89601681,0.92,0.78
