n,d,K,alpha,sparsity,Bias_Plugin,Bias_IPW,Bias_IPW_No_Cross,Bias_Debiased,Bias_Debiased_No_Cross,Bias_Debiased_Single_Fold,Variance_Plugin,Variance_IPW,Variance_IPW_No_Cross,Variance_Debiased,Variance_Debiased_No_Cross,Variance_Debiased_Single_Fold,MSE_Plugin,MSE_IPW,MSE_IPW_No_Cross,MSE_Debiased,MSE_Debiased_No_Cross,MSE_Debiased_Single_Fold,Coverage_Probability,Coverage_Probability_No_Cross,Coverage_Probability_Single_Fold
4,200,100,0.953795313835144,25,0.01526637437651668,-0.0057492122049199335,-0.13969736731902843,0.013762296684042614,0.010446359981929611,0.021459711069166644,0.007278577435005848,0.10459456368054598,0.4607787744313782,0.007345628335774293,0.01177199745109763,0.014750089417539356,0.007511639621609811,0.10462761712152319,0.48029412886724576,0.007535029145793904,0.011881123887969691,0.015210608616711469,0.93,0.48,0.94
