n,d,K,alpha,sparsity,Bias_Plugin,Bias_IPW,Bias_IPW_No_Cross,Bias_Debiased,Bias_Debiased_No_Cross,Bias_Debiased_Single_Fold,Variance_Plugin,Variance_IPW,Variance_IPW_No_Cross,Variance_Debiased,Variance_Debiased_No_Cross,Variance_Debiased_Single_Fold,MSE_Plugin,MSE_IPW,MSE_IPW_No_Cross,MSE_Debiased,MSE_Debiased_No_Cross,MSE_Debiased_Single_Fold,Coverage_Probability,Coverage_Probability_No_Cross,Coverage_Probability_Single_Fold
10,200,100,0.953795313835144,25,0.0072286111350979235,0.00523170999415751,0.0013997545395850154,0.0019522847242047455,-0.0012663482451959426,0.0025659858817166305,0.0036232652852943538,0.0882566629818219,0.096092577902023,0.0024309022406550744,0.005032593826202556,0.00418623018350063,0.003675518104236816,0.08828403377128485,0.09609453721479408,0.002434713656299437,0.005034197464080666,0.004192814467045798,0.935,0.945,0.98
