n,d,K,alpha,sparsity,Bias_Plugin,Bias_IPW,Bias_Debiased,Bias_Debiased_No_Cross,Variance_Plugin,Variance_IPW,Variance_Debiased,Variance_Debiased_No_Cross,MSE_Plugin,MSE_IPW,MSE_Debiased,MSE_Debiased_No_Cross,Coverage_Probability,Coverage_Probability_No_Cross
10,200,100,0.49258530139923096,125,-0.004977082608085747,0.0935770413003656,0.006594236954542172,706203.9905514313,0.0028365965078399774,0.09987971264410296,0.00873143110000294,35478800350576.58,0.002861367859127687,0.10863637530263329,0.008774915061015586,35977524426847.34,0.95,0.23
