n,d,K,sparsity,Bias_Plugin,Bias_IPW,Bias_Debiased,Variance_Plugin,Variance_IPW,Variance_Debiased,MSE_Plugin,MSE_IPW,MSE_Debiased,Coverage_Probability
500,200,100,200,-0.3214453385883911,-1.6812241646750121,-0.32087641284045787,0.008735631183398018,421.8126889243024,0.023057838761991634,0.11206273688360344,424.63920361618955,0.12601951107935164,0.0
