n,d,K,sparsity,Bias_Plugin,Bias_IPW,Bias_Debiased,Variance_Plugin,Variance_IPW,Variance_Debiased,MSE_Plugin,MSE_IPW,MSE_Debiased,Coverage_Probability
30,200,100,200,-0.32575290933412776,-1.0362699977448957,-0.3292546285432097,0.00042664270516695887,41.19659322581067,0.0004392478592849651,0.10654160064481541,42.270448734036876,0.108847858276412,0.0
