n,d,K,alpha,sparsity,Bias_Plugin,Bias_IPW,Bias_IPW_No_Cross,Bias_Debiased,Bias_Debiased_No_Cross,Bias_Debiased_Single_Fold,Variance_Plugin,Variance_IPW,Variance_IPW_No_Cross,Variance_Debiased,Variance_Debiased_No_Cross,Variance_Debiased_Single_Fold,MSE_Plugin,MSE_IPW,MSE_IPW_No_Cross,MSE_Debiased,MSE_Debiased_No_Cross,MSE_Debiased_Single_Fold,Coverage_Probability,Coverage_Probability_No_Cross,Coverage_Probability_Single_Fold
10,200,100,0.7729858160018921,50,0.00045660221586223235,-0.16121825151580793,-0.03302812834729115,-0.008186149883557852,-4.6574783793335294e-05,-0.024482089479577265,0.0025343132410209786,4.23447078550438,0.11141244651679333,0.020447224106746306,0.00480183092162638,0.15871695466348362,0.0025345217266045084,4.260462110126193,0.11250330377891846,0.020514237156662375,0.004801833090836866,0.1593163273687697,0.945,0.96,0.925
