n,d,K,alpha,sparsity,Bias_Plugin,Bias_IPW,Bias_Debiased,Bias_Debiased_No_Cross,Variance_Plugin,Variance_IPW,Variance_Debiased,Variance_Debiased_No_Cross,MSE_Plugin,MSE_IPW,MSE_Debiased,MSE_Debiased_No_Cross,Coverage_Probability,Coverage_Probability_No_Cross
50,200,100,0.30024945735931396,175,-0.046070146766300085,-0.66693179671706,-1.7520240696200569,-0.022658459204680268,0.004478944030426558,16.611926053340003,275.24502162752606,0.0013349126344598136,0.006601402453494987,17.056724074812244,278.3146099680541,0.0018483184079899739,0.55,0.94
