n,d,K,alpha,sparsity,Bias_Plugin,Bias_IPW,Bias_IPW_No_Cross,Bias_Debiased,Bias_Debiased_No_Cross,Bias_Debiased_Single_Fold,Variance_Plugin,Variance_IPW,Variance_IPW_No_Cross,Variance_Debiased,Variance_Debiased_No_Cross,Variance_Debiased_Single_Fold,MSE_Plugin,MSE_IPW,MSE_IPW_No_Cross,MSE_Debiased,MSE_Debiased_No_Cross,MSE_Debiased_Single_Fold,Coverage_Probability,Coverage_Probability_No_Cross,Coverage_Probability_Single_Fold
100,200,100,0.30024945735931396,175,0.012370732800906122,0.18594252001708775,0.011062331829983653,-0.01650644601479359,0.027702055106153655,-0.0009260292628163969,0.32974131073355223,52.61469421571298,0.30710099280970043,0.7920478721332009,0.270444939177026,0.7854559835404015,0.3298943457635837,52.64926883646327,0.30722336799521704,0.79232033489324,0.2712123430341304,0.7854568410705971,0.065,0.12,0.11
