n,d,K,alpha,sparsity,Bias_Plugin,Bias_IPW,Bias_Debiased,Bias_Debiased_No_Cross,Variance_Plugin,Variance_IPW,Variance_Debiased,Variance_Debiased_No_Cross,MSE_Plugin,MSE_IPW,MSE_Debiased,MSE_Debiased_No_Cross,Coverage_Probability,Coverage_Probability_No_Cross
50,200,100,0.953795313835144,25,-0.0019149935199530288,0.031853209160052146,0.009896466551817579,31166.322293961206,0.001277378732596905,0.1106623462272711,0.003791446617440735,68028131225.228004,0.0012810459327783669,0.11167697316106513,0.0038893866676519787,68999470870.55907,0.93,0.61
