n,d,K,sparsity,Bias_Plugin,Bias_IPW,Bias_Debiased,Variance_Plugin,Variance_IPW,Variance_Debiased,MSE_Plugin,MSE_IPW,MSE_Debiased,Coverage_Probability
50,200,100,10,0.005088854392099096,-0.00427574346331103,0.004732702981576234,0.012236881083192264,0.04360168115477846,0.005381335138225804,0.012262777522216252,0.0436199631369425,0.005403733615737627,0.93
