n,d,K,alpha,sparsity,Bias_Plugin,Bias_IPW,Bias_IPW_No_Cross,Bias_Debiased,Bias_Debiased_No_Cross,Bias_Debiased_Single_Fold,Variance_Plugin,Variance_IPW,Variance_IPW_No_Cross,Variance_Debiased,Variance_Debiased_No_Cross,Variance_Debiased_Single_Fold,MSE_Plugin,MSE_IPW,MSE_IPW_No_Cross,MSE_Debiased,MSE_Debiased_No_Cross,MSE_Debiased_Single_Fold,Coverage_Probability,Coverage_Probability_No_Cross,Coverage_Probability_Single_Fold
50,200,100,1.2249547243118286,10,-0.0028247652574222753,-0.00670788188565542,0.003912395521992889,0.00403381462581137,0.0036856777598233293,-0.0015159430536460488,0.003902959985653084,0.05893757097860385,0.01899533112916321,0.006548818245522482,0.0021896046946786522,0.017057201748319026,0.003910939284412623,0.05898256665799576,0.019010637967883718,0.0065650899059578926,0.0022031889152279087,0.01705949983166092,0.94,0.93,0.96
