n,d,K,alpha,sparsity,Bias_Plugin,Bias_IPW,Bias_Debiased,Bias_Debiased_No_Cross,Variance_Plugin,Variance_IPW,Variance_Debiased,Variance_Debiased_No_Cross,MSE_Plugin,MSE_IPW,MSE_Debiased,MSE_Debiased_No_Cross,Coverage_Probability,Coverage_Probability_No_Cross
500,200,100,0.40689289569854736,150,-0.010443890199244738,0.009937690709097169,-0.01176045596295352,-21.369110737567617,7.152084536218225e-05,0.035390605816963,7.363161374433967e-05,11860.778316839984,0.00018059568785606258,0.035489363513592685,0.00021193993820090864,12317.417210554413,0.63,0.64
