n,d,K,alpha,sparsity,Bias_Plugin,Bias_IPW,Bias_IPW_No_Cross,Bias_Debiased,Bias_Debiased_No_Cross,Bias_Debiased_Single_Fold,Variance_Plugin,Variance_IPW,Variance_IPW_No_Cross,Variance_Debiased,Variance_Debiased_No_Cross,Variance_Debiased_Single_Fold,MSE_Plugin,MSE_IPW,MSE_IPW_No_Cross,MSE_Debiased,MSE_Debiased_No_Cross,MSE_Debiased_Single_Fold,Coverage_Probability,Coverage_Probability_No_Cross,Coverage_Probability_Single_Fold
50,200,100,1.2249547243118286,10,-0.004191974526840271,-0.0005158635226017167,-0.007150250265166309,-0.01275254255150321,-0.002080997201857521,-0.013602864797514975,0.0037421018807430517,0.0914678258653948,0.017603687293104627,0.019232811288129755,0.0014792316651126409,0.026906059214309483,0.00375967453117673,0.09146809198056877,0.017654813371959142,0.019395438629657653,0.0014835622144667795,0.02709109714500896,0.95,0.97,0.92
