n,d,K,alpha,sparsity,Bias_Plugin,Bias_IPW,Bias_Debiased,Bias_Debiased_No_Cross,Variance_Plugin,Variance_IPW,Variance_Debiased,Variance_Debiased_No_Cross,MSE_Plugin,MSE_IPW,MSE_Debiased,MSE_Debiased_No_Cross,Coverage_Probability,Coverage_Probability_No_Cross
30,200,100,0.20166337490081787,190,-0.08601210286661999,-0.008338045613549495,-0.10561036540440297,-0.047925553687280714,0.024739961730346316,0.8830223968348538,0.018803354734701818,0.010588053904720665,0.03213804356988434,0.8830919198395073,0.029956904015553336,0.01288491260095309,0.04,0.89
