n,d,K,alpha,sparsity,Bias_Plugin,Bias_IPW,Bias_IPW_No_Cross,Bias_Debiased,Bias_Debiased_No_Cross,Bias_Debiased_Single_Fold,Variance_Plugin,Variance_IPW,Variance_IPW_No_Cross,Variance_Debiased,Variance_Debiased_No_Cross,Variance_Debiased_Single_Fold,MSE_Plugin,MSE_IPW,MSE_IPW_No_Cross,MSE_Debiased,MSE_Debiased_No_Cross,MSE_Debiased_Single_Fold,Coverage_Probability,Coverage_Probability_No_Cross,Coverage_Probability_Single_Fold
4,200,100,0.7729858160018921,50,-0.000799291289467285,-0.016436292301208057,-0.019510153983049845,-0.0006129555615272415,0.003941955854997238,0.000516952237843217,0.006070439148815503,0.4831111717960964,0.6393182955504255,0.00322672791561628,0.012203393017142045,0.0038877615915784,0.00607107801538092,0.48338132350070717,0.6396989416588679,0.0032271036301366875,0.012218932033104788,0.0038880288311946105,0.71,0.518,0.824
