n,d,K,alpha,sparsity,Bias_Plugin,Bias_IPW,Bias_IPW_No_Cross,Bias_Debiased,Bias_Debiased_No_Cross,Bias_Debiased_Single_Fold,Variance_Plugin,Variance_IPW,Variance_IPW_No_Cross,Variance_Debiased,Variance_Debiased_No_Cross,Variance_Debiased_Single_Fold,MSE_Plugin,MSE_IPW,MSE_IPW_No_Cross,MSE_Debiased,MSE_Debiased_No_Cross,MSE_Debiased_Single_Fold,Coverage_Probability,Coverage_Probability_No_Cross,Coverage_Probability_Single_Fold
50,200,100,0.662580132484436,75,-0.00457961889671929,-0.0067505210073292785,-0.0013829639319884368,-0.006921733400680301,0.01050497325906413,-0.0067524915516100495,0.0020014216802391573,0.06648744048307635,0.020461434286352356,0.005684313137691483,0.002554741893554162,0.011866309893981204,0.002022394589478346,0.06653301001694674,0.020463346875589535,0.0057322235309615775,0.0026650963567278153,0.011911906036135768,0.91,0.89,0.945
