n,d,K,sparsity,Bias_Plugin,Bias_IPW,Bias_Debiased,Variance_Plugin,Variance_IPW,Variance_Debiased,MSE_Plugin,MSE_IPW,MSE_Debiased,Coverage_Probability
30,200,100,30,0.0015263664525247105,-0.025742938129323312,-0.01497470608220687,0.0071248828773181425,0.04108940240888637,0.024846675076028103,0.007127212671865537,0.04175210127241655,0.025070916898276584,0.9
