n,d,K,alpha,sparsity,Bias_Plugin,Bias_IPW,Bias_Debiased,Bias_Debiased_No_Cross,Variance_Plugin,Variance_IPW,Variance_Debiased,Variance_Debiased_No_Cross,MSE_Plugin,MSE_IPW,MSE_Debiased,MSE_Debiased_No_Cross,Coverage_Probability,Coverage_Probability_No_Cross
500,200,100,0.953795313835144,25,-0.0015026121443731221,0.0022251945289872483,0.001038083985882962,-34.417626091346875,7.216269085109751e-05,0.023193024824916128,8.051845065065625e-05,82439.39373799248,7.44205341075151e-05,0.02319797631560797,8.159606901240293e-05,83623.96672375627,0.96,0.75
