n,d,K,sparsity,Bias_Plugin,Bias_IPW,Bias_Debiased,Variance_Plugin,Variance_IPW,Variance_Debiased,MSE_Plugin,MSE_IPW,MSE_Debiased,Coverage_Probability
20,200,100,30,-0.0029841573803158395,0.004820351530473607,-0.01144411263857633,0.009539073487163563,0.023352379537443547,0.011828274506316216,0.009547978682434056,0.02337561532632089,0.011959242220400637,0.94
