n,d,K,alpha,sparsity,Bias_Plugin,Bias_IPW,Bias_IPW_No_Cross,Bias_Debiased,Bias_Debiased_No_Cross,Bias_Debiased_Single_Fold,Variance_Plugin,Variance_IPW,Variance_IPW_No_Cross,Variance_Debiased,Variance_Debiased_No_Cross,Variance_Debiased_Single_Fold,MSE_Plugin,MSE_IPW,MSE_IPW_No_Cross,MSE_Debiased,MSE_Debiased_No_Cross,MSE_Debiased_Single_Fold,Coverage_Probability,Coverage_Probability_No_Cross,Coverage_Probability_Single_Fold
100,200,100,0.40689289569854736,150,0.054042054937886934,0.10675008121099591,0.03345573323343963,0.0203063332375321,0.042977702141576264,0.015882347918887537,0.05564468096739663,3.9911461895499407,0.05735738135622879,0.07124749111653471,0.037088442662458476,0.08836813346824084,0.05856522466930622,4.002541769388495,0.05847666744241587,0.07165983828608842,0.03893552554382853,0.08862038244365744,0.285,0.335,0.335
