n,d,K,alpha,sparsity,Bias_Plugin,Bias_IPW,Bias_IPW_No_Cross,Bias_Debiased,Bias_Debiased_No_Cross,Bias_Debiased_Single_Fold,Variance_Plugin,Variance_IPW,Variance_IPW_No_Cross,Variance_Debiased,Variance_Debiased_No_Cross,Variance_Debiased_Single_Fold,MSE_Plugin,MSE_IPW,MSE_IPW_No_Cross,MSE_Debiased,MSE_Debiased_No_Cross,MSE_Debiased_Single_Fold,Coverage_Probability,Coverage_Probability_No_Cross,Coverage_Probability_Single_Fold
200,200,100,0.20166337490081787,190,-0.09421552615300927,2.343008383125094,-0.040964425407143866,-0.1722450368919085,-0.031465983094250485,-0.1805619257069739,3.04378491963049,836.3690523851519,1.3154890314381753,6.9179737356292,1.1726262988211553,7.1980734582386035,3.0526614849987777,841.8587406685464,1.3171671155871127,6.947642088363094,1.173616406913243,7.230676067253613,0.035,0.07,0.055
