n,d,K,alpha,sparsity,Bias_Plugin,Bias_IPW,Bias_IPW_No_Cross,Bias_Debiased,Bias_Debiased_No_Cross,Bias_Debiased_Single_Fold,Variance_Plugin,Variance_IPW,Variance_IPW_No_Cross,Variance_Debiased,Variance_Debiased_No_Cross,Variance_Debiased_Single_Fold,MSE_Plugin,MSE_IPW,MSE_IPW_No_Cross,MSE_Debiased,MSE_Debiased_No_Cross,MSE_Debiased_Single_Fold,Coverage_Probability,Coverage_Probability_No_Cross,Coverage_Probability_Single_Fold
4,200,100,0.5742889642715454,100,0.00014770991845355108,0.004080733473110334,-0.010078220139160063,0.0017776711738850932,0.010191248212696631,-0.0004243438644788673,0.0068117075398392585,0.13620189863785284,0.8537012288112406,0.009134982837562701,0.018402518730332225,0.0133209727356145,0.006811729358059269,0.13621855102353142,0.8538027993324139,0.009138142952365163,0.018506380270465014,0.01332115280332982,0.912,0.536,0.948
