n,d,K,alpha,sparsity,Bias_Plugin,Bias_IPW,Bias_IPW_No_Cross,Bias_Debiased,Bias_Debiased_No_Cross,Bias_Debiased_Single_Fold,Variance_Plugin,Variance_IPW,Variance_IPW_No_Cross,Variance_Debiased,Variance_Debiased_No_Cross,Variance_Debiased_Single_Fold,MSE_Plugin,MSE_IPW,MSE_IPW_No_Cross,MSE_Debiased,MSE_Debiased_No_Cross,MSE_Debiased_Single_Fold,Coverage_Probability,Coverage_Probability_No_Cross,Coverage_Probability_Single_Fold
4,200,100,0.5742889642715454,100,-0.004057962155079435,-0.04904571883805656,-0.05317139233731797,-0.004246542155874248,-0.0031191888492129384,-0.004201063128836566,0.0073107378175361875,0.6504348223216319,0.8384663420930647,0.004979011623586557,0.018482624154449265,0.005677804618350692,0.007327204874388244,0.6528403048579735,0.8412935390561537,0.004997044743868173,0.01849235349352632,0.005695453549763162,0.59,0.534,0.702
