n,d,K,alpha,sparsity,Bias_Plugin,Bias_IPW,Bias_IPW_No_Cross,Bias_Debiased,Bias_Debiased_No_Cross,Bias_Debiased_Single_Fold,Variance_Plugin,Variance_IPW,Variance_IPW_No_Cross,Variance_Debiased,Variance_Debiased_No_Cross,Variance_Debiased_Single_Fold,MSE_Plugin,MSE_IPW,MSE_IPW_No_Cross,MSE_Debiased,MSE_Debiased_No_Cross,MSE_Debiased_Single_Fold,Coverage_Probability,Coverage_Probability_No_Cross,Coverage_Probability_Single_Fold
10,200,100,0.40689289569854736,150,0.0037502710644190754,0.02384860697454319,0.03030638796043093,0.008211618639557806,0.005746446521633538,0.009217035105372117,0.032810447254453146,0.2644819118601831,0.23614927804499153,0.03316506264785306,0.05454777758318949,0.03407035691715577,0.03282451178750976,0.26505066791480936,0.23706775519619966,0.03323249332853459,0.054580799230815484,0.03415531065328943,0.275,0.54,0.355
