n,d,K,alpha,sparsity,Bias_Plugin,Bias_IPW,Bias_IPW_No_Cross,Bias_Debiased,Bias_Debiased_No_Cross,Bias_Debiased_Single_Fold,Variance_Plugin,Variance_IPW,Variance_IPW_No_Cross,Variance_Debiased,Variance_Debiased_No_Cross,Variance_Debiased_Single_Fold,MSE_Plugin,MSE_IPW,MSE_IPW_No_Cross,MSE_Debiased,MSE_Debiased_No_Cross,MSE_Debiased_Single_Fold,Coverage_Probability,Coverage_Probability_No_Cross,Coverage_Probability_Single_Fold
10,200,100,0.953795313835144,25,-0.0028855864293324375,0.035114892149019396,-0.03455093758314521,0.0027190795958737446,-0.008208469981443568,0.005584360150269898,0.0027747051091562835,0.1481948450887511,0.11778984069445098,0.003269941111830482,0.006156604451892967,0.006357033566583543,0.0027830317181974313,0.14942790073938841,0.11898360798232537,0.0032773345056791793,0.006223983431329227,0.006388218644871466,0.95,0.94,0.935
