n,d,K,alpha,sparsity,Bias_Plugin,Bias_IPW,Bias_IPW_No_Cross,Bias_Debiased,Bias_Debiased_No_Cross,Bias_Debiased_Single_Fold,Variance_Plugin,Variance_IPW,Variance_IPW_No_Cross,Variance_Debiased,Variance_Debiased_No_Cross,Variance_Debiased_Single_Fold,MSE_Plugin,MSE_IPW,MSE_IPW_No_Cross,MSE_Debiased,MSE_Debiased_No_Cross,MSE_Debiased_Single_Fold,Coverage_Probability,Coverage_Probability_No_Cross,Coverage_Probability_Single_Fold
200,200,100,1.2249547243118286,10,-0.004070663381395762,0.0038194927108810397,-0.0002716934827835936,0.00412217131702706,-0.00016907510540899146,0.007759270297285767,0.002075077048076196,0.019957309891129288,0.0037453147752540194,0.007475813740898186,0.0005632797092926278,0.009780331324792044,0.0020916473484408325,0.019971898415697763,0.0037453885926026064,0.007492806037265107,0.0005633082956838968,0.009840537600338381,0.95,0.945,0.965
