n,d,K,alpha,sparsity,Bias_Plugin,Bias_IPW,Bias_Debiased,Bias_Debiased_No_Cross,Variance_Plugin,Variance_IPW,Variance_Debiased,Variance_Debiased_No_Cross,MSE_Plugin,MSE_IPW,MSE_Debiased,MSE_Debiased_No_Cross,Coverage_Probability,Coverage_Probability_No_Cross
4,200,100,0.0,200,-0.5849524523346443,-5.3417627963193715,-0.5777016879763939,0.06454293538837344,3.2683042961751703,0.07292020483964656,2.7897855282818234,0.23276834742945984,3.6104736676674842,28.607349976981386,3.123524768572599,0.23693413793800755,0.09,0.65
