n,d,K,alpha,sparsity,Bias_Plugin,Bias_IPW,Bias_Debiased,Bias_Debiased_No_Cross,Variance_Plugin,Variance_IPW,Variance_Debiased,Variance_Debiased_No_Cross,MSE_Plugin,MSE_IPW,MSE_Debiased,MSE_Debiased_No_Cross,Coverage_Probability,Coverage_Probability_No_Cross
4,200,100,0.40689289569854736,150,-0.0022966665104156635,0.9850861287111194,-0.004569304521564725,-0.002013380736112852,0.01244433915419384,0.0003724122460401848,0.008676230526865454,0.004279944383619139,0.012449613831253908,0.9707670932251005,0.008697109070676244,0.004283998085607689,0.18,0.45
