n,d,K,alpha,sparsity,Bias_Plugin,Bias_IPW,Bias_Debiased,Bias_Debiased_No_Cross,Variance_Plugin,Variance_IPW,Variance_Debiased,Variance_Debiased_No_Cross,MSE_Plugin,MSE_IPW,MSE_Debiased,MSE_Debiased_No_Cross,Coverage_Probability,Coverage_Probability_No_Cross
30,200,100,0.0,200,-0.2585884853642672,-6.12132809477782,-1.0790674207284352,-1568130.8746859438,0.6549012497632235,3741.4467530172446,68.85565360296233,22773991494787.715,0.7217692545262095,3778.917410661161,70.02004010143985,25233025934931.02,0.01,0.66
