n,d,K,alpha,sparsity,Bias_Plugin,Bias_IPW,Bias_IPW_No_Cross,Bias_Debiased,Bias_Debiased_No_Cross,Bias_Debiased_Single_Fold,Variance_Plugin,Variance_IPW,Variance_IPW_No_Cross,Variance_Debiased,Variance_Debiased_No_Cross,Variance_Debiased_Single_Fold,MSE_Plugin,MSE_IPW,MSE_IPW_No_Cross,MSE_Debiased,MSE_Debiased_No_Cross,MSE_Debiased_Single_Fold,Coverage_Probability,Coverage_Probability_No_Cross,Coverage_Probability_Single_Fold
200,200,100,0.40689289569854736,150,0.012578448722199976,-0.016497684253313282,0.012102899501112908,-0.012311716324032176,0.010655143189341212,-0.01775997098297564,0.05101644750697755,6.850573420965884,0.05847513828274573,0.1857747278323282,0.04323504864454145,0.19282587898331968,0.05117466487923457,6.850845594551606,0.05862161845907978,0.18592630619117168,0.04334858072092682,0.19314129555263584,0.165,0.285,0.23
