n,d,K,alpha,sparsity,Bias_Plugin,Bias_IPW,Bias_IPW_No_Cross,Bias_Debiased,Bias_Debiased_No_Cross,Bias_Debiased_Single_Fold,Variance_Plugin,Variance_IPW,Variance_IPW_No_Cross,Variance_Debiased,Variance_Debiased_No_Cross,Variance_Debiased_Single_Fold,MSE_Plugin,MSE_IPW,MSE_IPW_No_Cross,MSE_Debiased,MSE_Debiased_No_Cross,MSE_Debiased_Single_Fold,Coverage_Probability,Coverage_Probability_No_Cross,Coverage_Probability_Single_Fold
4,200,100,0.662580132484436,75,0.0028142810945280356,-0.012468639621952387,0.06109646241635974,0.00622425254778436,0.0014103068659635112,0.002943831791185449,0.006069086081835931,0.2869846349259958,0.7905141406733376,0.0058269023554526015,0.013936656372552996,0.012334115854205102,0.006077006259914948,0.2871401019000179,0.7942469183931312,0.005865643675231203,0.013938645338009181,0.012342781999819898,0.956,0.542,0.95
