n,d,K,alpha,sparsity,Bias_Plugin,Bias_IPW,Bias_Debiased,Bias_Debiased_No_Cross,Variance_Plugin,Variance_IPW,Variance_Debiased,Variance_Debiased_No_Cross,MSE_Plugin,MSE_IPW,MSE_Debiased,MSE_Debiased_No_Cross,Coverage_Probability,Coverage_Probability_No_Cross
20,200,100,0.0,200,-0.15584065817435444,-0.7382926732480506,-0.6094600120501559,-8505736.61948834,0.4640449039087837,24.330779464426374,2.2333345036568586,428253961824608.9,0.4883312146489996,24.875855535798124,2.6047760099450348,500601517264713.75,0.05,0.62
