n,d,K,alpha,sparsity,Bias_Plugin,Bias_IPW,Bias_IPW_No_Cross,Bias_Debiased,Bias_Debiased_No_Cross,Bias_Debiased_Single_Fold,Variance_Plugin,Variance_IPW,Variance_IPW_No_Cross,Variance_Debiased,Variance_Debiased_No_Cross,Variance_Debiased_Single_Fold,MSE_Plugin,MSE_IPW,MSE_IPW_No_Cross,MSE_Debiased,MSE_Debiased_No_Cross,MSE_Debiased_Single_Fold,Coverage_Probability,Coverage_Probability_No_Cross,Coverage_Probability_Single_Fold
10,200,100,0.5742889642715454,100,0.00041633477445351063,0.022400888164747664,-0.021952469966492683,-0.00019534074473703255,-0.002805519234947518,0.000163124011978103,0.0054898049811407225,0.13493230002298617,0.12264339952758892,0.005497201013623396,0.008261369702382653,0.008670269234559984,0.005489978315785142,0.13543409981355573,0.12312531046521868,0.005497239171629951,0.008269240640560314,0.008670295844003266,0.775,0.875,0.865
