n,d,K,alpha,sparsity,Bias_Plugin,Bias_IPW,Bias_IPW_No_Cross,Bias_Debiased,Bias_Debiased_No_Cross,Bias_Debiased_Single_Fold,Variance_Plugin,Variance_IPW,Variance_IPW_No_Cross,Variance_Debiased,Variance_Debiased_No_Cross,Variance_Debiased_Single_Fold,MSE_Plugin,MSE_IPW,MSE_IPW_No_Cross,MSE_Debiased,MSE_Debiased_No_Cross,MSE_Debiased_Single_Fold,Coverage_Probability,Coverage_Probability_No_Cross,Coverage_Probability_Single_Fold
10,200,100,0.49258530139923096,125,-0.009682194533632673,-0.030613947183199715,0.010847774496639803,-0.013498521024693637,-0.020800009676151608,-0.012673814504153714,0.010012101195640739,0.2468240730275163,0.1662897711852721,0.01042741060730466,0.016744144957502132,0.011230969843224385,0.010105846086627844,0.24776128678965204,0.16640744539680202,0.010609620677158755,0.017176785360030138,0.011391595417310085,0.61,0.76,0.75
