n,d,K,alpha,sparsity,Bias_Plugin,Bias_IPW,Bias_IPW_No_Cross,Bias_Debiased,Bias_Debiased_No_Cross,Bias_Debiased_Single_Fold,Variance_Plugin,Variance_IPW,Variance_IPW_No_Cross,Variance_Debiased,Variance_Debiased_No_Cross,Variance_Debiased_Single_Fold,MSE_Plugin,MSE_IPW,MSE_IPW_No_Cross,MSE_Debiased,MSE_Debiased_No_Cross,MSE_Debiased_Single_Fold,Coverage_Probability,Coverage_Probability_No_Cross,Coverage_Probability_Single_Fold
10,200,100,0.662580132484436,75,0.0014615048222916822,-0.043506828925980026,0.019964469494795883,-0.00027988375013496297,-0.0034155041341210803,-0.004167265509386426,0.002984130384234321,0.0974365542514302,0.11009268193607084,0.0028869997778836766,0.005763227892064959,0.005171648481403887,0.0029862663805799027,0.09932939841462468,0.11049126197827949,0.0028870781127972663,0.005774893560555157,0.005189014583229608,0.93,0.945,0.955
