n,d,K,alpha,sparsity,Bias_Plugin,Bias_IPW,Bias_Debiased,Bias_Debiased_No_Cross,Variance_Plugin,Variance_IPW,Variance_Debiased,Variance_Debiased_No_Cross,MSE_Plugin,MSE_IPW,MSE_Debiased,MSE_Debiased_No_Cross,Coverage_Probability,Coverage_Probability_No_Cross
50,200,100,0.40689289569854736,150,-0.010581759891486756,-0.8516566964370574,0.0074805960121763085,-0.008076370998303028,0.0003166553281607647,66.89875182123687,0.030896272373833952,0.00043573456744819744,0.00042862897056184255,67.62407094982292,0.030952231690531344,0.0005009623359504277,0.89,0.9
