n,d,K,alpha,sparsity,Bias_Plugin,Bias_IPW,Bias_IPW_No_Cross,Bias_Debiased,Bias_Debiased_No_Cross,Bias_Debiased_Single_Fold,Variance_Plugin,Variance_IPW,Variance_IPW_No_Cross,Variance_Debiased,Variance_Debiased_No_Cross,Variance_Debiased_Single_Fold,MSE_Plugin,MSE_IPW,MSE_IPW_No_Cross,MSE_Debiased,MSE_Debiased_No_Cross,MSE_Debiased_Single_Fold,Coverage_Probability,Coverage_Probability_No_Cross,Coverage_Probability_Single_Fold
10,200,100,0.20166337490081787,190,0.07999595676123185,0.018288001310981537,0.06561006312814695,0.08620353461817004,0.0716680698712297,0.08925321205632572,0.9831099242070631,2.539286937594926,1.8230643939815543,0.9796321813924557,1.02503350773444,0.9802809776282454,0.989509277305208,2.5396213885868764,1.8273690743652335,0.9870632307731216,1.0301698199735072,0.9882471134906169,0.065,0.265,0.105
