n,d,K,alpha,sparsity,Bias_Plugin,Bias_IPW,Bias_IPW_No_Cross,Bias_Debiased,Bias_Debiased_No_Cross,Bias_Debiased_Single_Fold,Variance_Plugin,Variance_IPW,Variance_IPW_No_Cross,Variance_Debiased,Variance_Debiased_No_Cross,Variance_Debiased_Single_Fold,MSE_Plugin,MSE_IPW,MSE_IPW_No_Cross,MSE_Debiased,MSE_Debiased_No_Cross,MSE_Debiased_Single_Fold,Coverage_Probability,Coverage_Probability_No_Cross,Coverage_Probability_Single_Fold
4,200,100,0.40689289569854736,150,0.03296880562339963,0.2937882930375508,0.16072180113742857,0.006338571020345827,0.038777642108269034,0.02818553469416469,0.03628343744412036,9.872983086283169,1.5696507470441703,0.0559704107020438,0.05786121710660149,0.04430087585824156,0.03737037958835387,9.95929464740909,1.5954822444050298,0.056010588184623754,0.0593649226340785,0.045095300224237515,0.59,0.39,0.72
