n,d,K,alpha,sparsity,Bias_Plugin,Bias_IPW,Bias_IPW_No_Cross,Bias_Debiased,Bias_Debiased_No_Cross,Bias_Debiased_Single_Fold,Variance_Plugin,Variance_IPW,Variance_IPW_No_Cross,Variance_Debiased,Variance_Debiased_No_Cross,Variance_Debiased_Single_Fold,MSE_Plugin,MSE_IPW,MSE_IPW_No_Cross,MSE_Debiased,MSE_Debiased_No_Cross,MSE_Debiased_Single_Fold,Coverage_Probability,Coverage_Probability_No_Cross,Coverage_Probability_Single_Fold
4,200,100,1.2249547243118286,10,0.0022093930420435206,0.020494843445635916,0.01767291186362778,0.0020262791343563535,0.0027908526028965616,0.0041566807824433265,0.008450999688989113,0.4204492422869117,0.5518223863482723,0.004595354949308051,0.012951818471154938,0.005220509815274202,0.008455881106603343,0.4208692808947729,0.552134718162012,0.0045994607564383795,0.012959607329406033,0.005237787810401336,0.698,0.562,0.818
