n,d,K,alpha,sparsity,Bias_Plugin,Bias_IPW,Bias_Debiased,Bias_Debiased_No_Cross,Variance_Plugin,Variance_IPW,Variance_Debiased,Variance_Debiased_No_Cross,MSE_Plugin,MSE_IPW,MSE_Debiased,MSE_Debiased_No_Cross,Coverage_Probability,Coverage_Probability_No_Cross
50,200,100,0.662580132484436,75,0.0007730736321766262,0.02427945966275164,-0.0015299833621912906,14439.799784639361,0.0005543901822524472,0.10869787031795443,0.001480221408081828,21340032437.598778,0.0005549878250932138,0.10928736247946956,0.00148256225717041,21548540255.419247,0.9,0.64
