n,d,K,alpha,sparsity,Bias_Plugin,Bias_IPW,Bias_Debiased,Bias_Debiased_No_Cross,Variance_Plugin,Variance_IPW,Variance_Debiased,Variance_Debiased_No_Cross,MSE_Plugin,MSE_IPW,MSE_Debiased,MSE_Debiased_No_Cross,Coverage_Probability,Coverage_Probability_No_Cross
500,200,100,0.5742889642715454,100,0.0007166633274521017,-0.007616509921057066,-0.0007691249204035178,7.595042314412703,6.009794066236815e-05,0.02904772205348419,9.277285595496058e-05,39483.455264119584,6.061154698728289e-05,0.02910573327686175,9.336440909814629e-05,39541.139931877304,0.93,0.79
