n,d,K,alpha,sparsity,Bias_Plugin,Bias_IPW,Bias_IPW_No_Cross,Bias_Debiased,Bias_Debiased_No_Cross,Bias_Debiased_Single_Fold,Variance_Plugin,Variance_IPW,Variance_IPW_No_Cross,Variance_Debiased,Variance_Debiased_No_Cross,Variance_Debiased_Single_Fold,MSE_Plugin,MSE_IPW,MSE_IPW_No_Cross,MSE_Debiased,MSE_Debiased_No_Cross,MSE_Debiased_Single_Fold,Coverage_Probability,Coverage_Probability_No_Cross,Coverage_Probability_Single_Fold
50,200,100,0.49258530139923096,125,0.013160136232588344,-0.020087951647769012,0.01886947433051396,-0.0020548709122318975,0.011593802667348519,-0.008800848259182833,0.038867281381038815,0.3514118596359764,0.03618915382529717,0.05286402395474175,0.01150105979194868,0.0722484364719966,0.0390404705666991,0.35181538543737934,0.036545210886807095,0.052868246449207686,0.011635476052238098,0.07232589140207775,0.46,0.58,0.53
