n,d,K,sparsity,Bias_Plugin,Bias_IPW,Bias_Debiased,Variance_Plugin,Variance_IPW,Variance_Debiased,MSE_Plugin,MSE_IPW,MSE_Debiased,Coverage_Probability
100,200,100,10,0.0036410255427015135,-0.01618423277300458,0.00797810509655489,0.0034102391137780038,0.03348471989952353,0.006248196794419854,0.003423496180780607,0.03374664928997432,0.006311846955351527,0.94
