n,d,K,alpha,sparsity,Bias_Plugin,Bias_IPW,Bias_IPW_No_Cross,Bias_Debiased,Bias_Debiased_No_Cross,Bias_Debiased_Single_Fold,Variance_Plugin,Variance_IPW,Variance_IPW_No_Cross,Variance_Debiased,Variance_Debiased_No_Cross,Variance_Debiased_Single_Fold,MSE_Plugin,MSE_IPW,MSE_IPW_No_Cross,MSE_Debiased,MSE_Debiased_No_Cross,MSE_Debiased_Single_Fold,Coverage_Probability,Coverage_Probability_No_Cross,Coverage_Probability_Single_Fold
200,200,100,0.49258530139923096,125,-0.013622184401192656,0.13392195357539646,-0.03115113067278656,-0.027614778866125057,-0.014353421343239072,-0.012642086891807139,0.014102705533445605,0.4141949399166121,0.017346413460319562,0.02151635640129969,0.009879510309303112,0.02248998664993821,0.014288269441305701,0.4321300295660626,0.018316806402512587,0.02227893241312467,0.010085531013559666,0.02264980901091821,0.4,0.34,0.45
