n,d,K,alpha,sparsity,Bias_Plugin,Bias_IPW,Bias_Debiased,Bias_Debiased_No_Cross,Variance_Plugin,Variance_IPW,Variance_Debiased,Variance_Debiased_No_Cross,MSE_Plugin,MSE_IPW,MSE_Debiased,MSE_Debiased_No_Cross,Coverage_Probability,Coverage_Probability_No_Cross
4,200,100,0.7729858160018921,50,-0.019711239309518697,0.5292324792951496,-0.015422523046220285,-0.0028283373015184827,0.06462147757985943,0.0005476618940528733,0.04685713939313012,0.009579418963328291,0.06501001053497656,0.2806346790349437,0.04709499361024132,0.009587418455219454,0.25,0.67
