n,d,K,alpha,sparsity,Bias_Plugin,Bias_IPW,Bias_Debiased,Bias_Debiased_No_Cross,Variance_Plugin,Variance_IPW,Variance_Debiased,Variance_Debiased_No_Cross,MSE_Plugin,MSE_IPW,MSE_Debiased,MSE_Debiased_No_Cross,Coverage_Probability,Coverage_Probability_No_Cross
20,200,100,0.662580132484436,75,-0.012081515038656652,0.04639600469077813,0.06248263173769003,296437.086682196,0.005171738075798559,0.041021890588452514,0.21683168076205941,6538128275566.759,0.005317701081427846,0.04317447983971921,0.2207357600309271,6626003221927.387,0.88,0.47
