n,d,K,alpha,sparsity,Bias_Plugin,Bias_IPW,Bias_Debiased,Bias_Debiased_No_Cross,Variance_Plugin,Variance_IPW,Variance_Debiased,Variance_Debiased_No_Cross,MSE_Plugin,MSE_IPW,MSE_Debiased,MSE_Debiased_No_Cross,Coverage_Probability,Coverage_Probability_No_Cross
500,200,100,0.7729858160018921,50,-0.002875998556809998,0.039416338315530465,-0.04546366919352311,-0.0010468553056801955,0.0037983893361928844,0.20702913349881907,0.47700848802784074,0.00015079680338769098,0.0038066607038916562,0.2085827812250235,0.4790754332443789,0.00015189270941872173,0.83,0.96
