n,d,K,alpha,sparsity,Bias_Plugin,Bias_IPW,Bias_Debiased,Bias_Debiased_No_Cross,Variance_Plugin,Variance_IPW,Variance_Debiased,Variance_Debiased_No_Cross,MSE_Plugin,MSE_IPW,MSE_Debiased,MSE_Debiased_No_Cross,Coverage_Probability,Coverage_Probability_No_Cross
20,200,100,0.30024945735931396,175,-0.03207425643183418,-0.0129266327006374,-0.04493930113044084,-0.031006875644737985,0.004993222173562748,0.36329481686738097,0.013696129762459519,0.0041198242635763944,0.006021980099217804,0.36346191470035827,0.01571567054855196,0.005081250600824641,0.7,0.87
