n,d,K,alpha,sparsity,Bias_Plugin,Bias_IPW,Bias_IPW_No_Cross,Bias_Debiased,Bias_Debiased_No_Cross,Bias_Debiased_Single_Fold,Variance_Plugin,Variance_IPW,Variance_IPW_No_Cross,Variance_Debiased,Variance_Debiased_No_Cross,Variance_Debiased_Single_Fold,MSE_Plugin,MSE_IPW,MSE_IPW_No_Cross,MSE_Debiased,MSE_Debiased_No_Cross,MSE_Debiased_Single_Fold,Coverage_Probability,Coverage_Probability_No_Cross,Coverage_Probability_Single_Fold
2,200,100,0.953795313835144,25,-0.001609687852874551,-0.038092061375862345,-0.05588942927979698,-0.016125964671962062,-0.016073204385487892,-0.018287569986208365,0.014611498128852034,0.167466507700478,0.62891250659265,0.010426505829143434,0.019292437206458155,0.02412175983339745,0.014614089223835726,0.16891751284034043,0.6320361348978714,0.010686552565744805,0.019550785105675823,0.02445619504939792,0.98,0.39,0.94
