n,d,K,alpha,sparsity,Bias_Plugin,Bias_IPW,Bias_Debiased,Bias_Debiased_No_Cross,Variance_Plugin,Variance_IPW,Variance_Debiased,Variance_Debiased_No_Cross,MSE_Plugin,MSE_IPW,MSE_Debiased,MSE_Debiased_No_Cross,Coverage_Probability,Coverage_Probability_No_Cross
20,200,100,0.5742889642715454,100,0.0010510996549843487,0.08471421434708924,0.013310615980454825,-0.0011265717226599126,0.0029269878817294644,0.08694268351324412,0.014991224048593932,0.0019206182759943981,0.0029280926922141725,0.09411918162568866,0.01516839654637307,0.001921887439840695,0.95,0.91
