n,d,K,alpha,sparsity,Bias_Plugin,Bias_IPW,Bias_IPW_No_Cross,Bias_Debiased,Bias_Debiased_No_Cross,Bias_Debiased_Single_Fold,Variance_Plugin,Variance_IPW,Variance_IPW_No_Cross,Variance_Debiased,Variance_Debiased_No_Cross,Variance_Debiased_Single_Fold,MSE_Plugin,MSE_IPW,MSE_IPW_No_Cross,MSE_Debiased,MSE_Debiased_No_Cross,MSE_Debiased_Single_Fold,Coverage_Probability,Coverage_Probability_No_Cross,Coverage_Probability_Single_Fold
50,200,100,0.30024945735931396,175,0.03617021501214437,-0.020969667031846037,0.018948772274138867,0.0428584290212622,0.019097604745934704,0.06799927508400494,0.2910774436559682,0.7433015550175859,0.32066554350947235,0.26578629643973345,0.2561223425002393,0.28428003538545704,0.2923857281099929,0.7437412819530124,0.3210245994801696,0.26762314137790405,0.25648706100727126,0.28890393679740717,0.12,0.23,0.16
