n,d,K,alpha,sparsity,Bias_Plugin,Bias_IPW,Bias_IPW_No_Cross,Bias_Debiased,Bias_Debiased_No_Cross,Bias_Debiased_Single_Fold,Variance_Plugin,Variance_IPW,Variance_IPW_No_Cross,Variance_Debiased,Variance_Debiased_No_Cross,Variance_Debiased_Single_Fold,MSE_Plugin,MSE_IPW,MSE_IPW_No_Cross,MSE_Debiased,MSE_Debiased_No_Cross,MSE_Debiased_Single_Fold,Coverage_Probability,Coverage_Probability_No_Cross,Coverage_Probability_Single_Fold
50,200,100,0.0,200,-0.4323163597561897,-0.035160562194938655,-0.7584134572318962,-0.34906944443315396,-0.5765975943505579,-0.33663405355781006,31.79203295982546,859.772767136914,38.546301232424,41.758735805633876,33.98313080993265,43.77334560636613,31.978930394738303,859.7740034020478,39.12149220453444,41.880585282670744,34.31559559574351,43.886668092380894,0.03,0.035,0.045
