n,d,K,alpha,sparsity,Bias_Plugin,Bias_IPW,Bias_Debiased,Bias_Debiased_No_Cross,Variance_Plugin,Variance_IPW,Variance_Debiased,Variance_Debiased_No_Cross,MSE_Plugin,MSE_IPW,MSE_Debiased,MSE_Debiased_No_Cross,Coverage_Probability,Coverage_Probability_No_Cross
4,200,100,0.5742889642715454,100,0.008029275661895478,0.5712510900642388,0.002432156720480838,-0.005520086637106376,0.011509614194031964,0.0031245107662377625,0.005839099421144785,0.003977317284518549,0.011574083461686669,0.3294523186658189,0.0058450148074577655,0.00400778864099971,0.67,0.8
