n,d,K,sparsity,Bias_Plugin,Bias_IPW,Bias_Debiased,Variance_Plugin,Variance_IPW,Variance_Debiased,MSE_Plugin,MSE_IPW,MSE_Debiased,Coverage_Probability
20,200,100,200,-0.28007002339394044,-0.03358599553841819,-0.2100958549300256,0.09973719576873638,33.61381174522774,0.48723185035756267,0.17817641377261872,33.61493976432405,0.531372118616341,0.03
