n,d,K,alpha,sparsity,Bias_Plugin,Bias_IPW,Bias_Debiased,Bias_Debiased_No_Cross,Variance_Plugin,Variance_IPW,Variance_Debiased,Variance_Debiased_No_Cross,MSE_Plugin,MSE_IPW,MSE_Debiased,MSE_Debiased_No_Cross,Coverage_Probability,Coverage_Probability_No_Cross
500,200,100,0.953795313835144,25,0.00704232134243234,0.0757692988075185,-0.21670203198120408,-0.0030430413315956136,0.00879746569211038,0.500324779866045,4.35006870190083,0.0001297825862874606,0.008847059982000454,0.506065766507828,4.397028472565611,0.00013904268683325978,0.85,0.95
