n,d,K,sparsity,Bias_Plugin,Bias_IPW,Bias_Debiased,Variance_Plugin,Variance_IPW,Variance_Debiased,MSE_Plugin,MSE_IPW,MSE_Debiased,Coverage_Probability
20,200,100,10,0.00824383552428599,-0.012573817609624742,0.010650319880397678,0.013439626098474232,0.06823328826612692,0.0075208641457251155,0.013507586922625712,0.06839138915540702,0.00763429345927991,0.99
