n,d,K,alpha,sparsity,Bias_Plugin,Bias_IPW,Bias_Debiased,Bias_Debiased_No_Cross,Variance_Plugin,Variance_IPW,Variance_Debiased,Variance_Debiased_No_Cross,MSE_Plugin,MSE_IPW,MSE_Debiased,MSE_Debiased_No_Cross,Coverage_Probability,Coverage_Probability_No_Cross
10,200,100,0.7729858160018921,50,-7.0064093927124645e-06,0.04284693733578014,0.004280439576703684,0.00573441714895921,0.0025658620283173185,0.04305409547743062,0.003175630631102923,0.005119709733813518,0.002565862077407091,0.0448899555164869,0.003193952794072734,0.005152593273851796,0.96,0.99
