n,d,K,alpha,sparsity,Bias_Plugin,Bias_IPW,Bias_Debiased,Bias_Debiased_No_Cross,Variance_Plugin,Variance_IPW,Variance_Debiased,Variance_Debiased_No_Cross,MSE_Plugin,MSE_IPW,MSE_Debiased,MSE_Debiased_No_Cross,Coverage_Probability,Coverage_Probability_No_Cross
4,200,100,0.662580132484436,75,0.014977100229603402,0.48537597340073146,0.010734826147135619,-0.001899308768611656,0.009841356681838555,0.0037441969646680464,0.0075069766954571696,0.006622023103563713,0.010065670213126144,0.23933403251937566,0.007622213187866397,0.006625630477362235,0.72,0.75
