n,d,K,alpha,sparsity,Bias_Plugin,Bias_IPW,Bias_Debiased,Bias_Debiased_No_Cross,Variance_Plugin,Variance_IPW,Variance_Debiased,Variance_Debiased_No_Cross,MSE_Plugin,MSE_IPW,MSE_Debiased,MSE_Debiased_No_Cross,Coverage_Probability,Coverage_Probability_No_Cross
30,200,100,0.662580132484436,75,-0.0010235270350788094,0.27210973572410024,0.009277951595056743,13896.150815737965,0.0012864473172133426,1.8924674513676445,0.004401809047643547,309661823896.01904,0.00128749492480488,1.9665111596434843,0.004487889433443764,309854926903.51276,0.92,0.71
