n,d,K,alpha,sparsity,Bias_Plugin,Bias_IPW,Bias_Debiased,Bias_Debiased_No_Cross,Variance_Plugin,Variance_IPW,Variance_Debiased,Variance_Debiased_No_Cross,MSE_Plugin,MSE_IPW,MSE_Debiased,MSE_Debiased_No_Cross,Coverage_Probability,Coverage_Probability_No_Cross
30,200,100,0.30024945735931396,175,-0.023547140405170877,0.4099794817827668,-0.029318652991359908,-190323.3520763112,0.01844732150261953,4.584217770724457,0.006564634839640027,623331899442.9778,0.019001789323880358,4.752300946207323,0.007424218252867801,659554877788.5413,0.68,0.65
