n,d,K,alpha,sparsity,Bias_Plugin,Bias_IPW,Bias_Debiased,Bias_Debiased_No_Cross,Variance_Plugin,Variance_IPW,Variance_Debiased,Variance_Debiased_No_Cross,MSE_Plugin,MSE_IPW,MSE_Debiased,MSE_Debiased_No_Cross,Coverage_Probability,Coverage_Probability_No_Cross
100,200,100,0.662580132484436,75,-0.0003416425551829461,0.02219430294159118,-0.00565123346406062,-0.004301377758170564,0.0007437268411844674,0.03943572200234514,0.0024789569875144453,0.0005197803396332798,0.0007438435608199792,0.039928309085408266,0.002510893427179764,0.0005382821902517642,0.93,0.98
