n,d,K,alpha,sparsity,Bias_Plugin,Bias_IPW,Bias_IPW_No_Cross,Bias_Debiased,Bias_Debiased_No_Cross,Bias_Debiased_Single_Fold,Variance_Plugin,Variance_IPW,Variance_IPW_No_Cross,Variance_Debiased,Variance_Debiased_No_Cross,Variance_Debiased_Single_Fold,MSE_Plugin,MSE_IPW,MSE_IPW_No_Cross,MSE_Debiased,MSE_Debiased_No_Cross,MSE_Debiased_Single_Fold,Coverage_Probability,Coverage_Probability_No_Cross,Coverage_Probability_Single_Fold
100,200,100,0.953795313835144,25,-0.0038022530415411345,0.010229653420754704,0.00022444819773688064,-0.0024034499875429886,0.0019492301568795045,-0.0005219479919769174,0.004662504284407318,0.05664551275745278,0.0063052839824370285,0.003364515560284127,0.0008155327518447536,0.008016744957355314,0.004676961412599227,0.05675015856656154,0.006305334359430494,0.0033702921321267466,0.000819332250049242,0.008017017387061644,0.93,0.965,0.94
