n,d,K,sparsity,Bias_Plugin,Bias_IPW,Bias_Debiased,Variance_Plugin,Variance_IPW,Variance_Debiased,MSE_Plugin,MSE_IPW,MSE_Debiased,Coverage_Probability
10,200,100,10,0.02807045001372249,0.0022190754811141754,-0.01260444751668718,0.030865449015749547,0.07497601224205087,0.007484075232125322,0.031653399179722444,0.07498093653804176,0.007642947329326245,0.96
