n,d,K,alpha,sparsity,Bias_Plugin,Bias_IPW,Bias_IPW_No_Cross,Bias_Debiased,Bias_Debiased_No_Cross,Bias_Debiased_Single_Fold,Variance_Plugin,Variance_IPW,Variance_IPW_No_Cross,Variance_Debiased,Variance_Debiased_No_Cross,Variance_Debiased_Single_Fold,MSE_Plugin,MSE_IPW,MSE_IPW_No_Cross,MSE_Debiased,MSE_Debiased_No_Cross,MSE_Debiased_Single_Fold,Coverage_Probability,Coverage_Probability_No_Cross,Coverage_Probability_Single_Fold
100,200,100,1.2249547243118286,10,0.004205168469821992,-0.06727017484589048,0.0055441144042167965,0.004377984580079594,0.0006488389869256095,0.0025363456115777916,0.000958660646639674,0.14458694763100458,0.005741597959564439,0.0042282723593497305,0.0010242949163209267,0.0028105329650278733,0.000976344088499259,0.14911222405480123,0.005772335164091484,0.004247439108333145,0.0010247159083518814,0.0028169660140892425,0.945,0.945,0.97
