n,d,K,alpha,sparsity,Bias_Plugin,Bias_IPW,Bias_Debiased,Bias_Debiased_No_Cross,Variance_Plugin,Variance_IPW,Variance_Debiased,Variance_Debiased_No_Cross,MSE_Plugin,MSE_IPW,MSE_Debiased,MSE_Debiased_No_Cross,Coverage_Probability,Coverage_Probability_No_Cross
20,200,100,0.30024945735931396,175,-0.04289656409280099,0.025017844743686422,-0.016850407299556298,-470683.8772366896,0.005078734086931162,0.1162175242101327,0.02018292765677522,9429309514536.195,0.006918849297898944,0.1168434167657519,0.020466863882936157,9650852826826.758,0.67,0.58
