n,d,K,alpha,sparsity,Bias_Plugin,Bias_IPW,Bias_Debiased,Bias_Debiased_No_Cross,Variance_Plugin,Variance_IPW,Variance_Debiased,Variance_Debiased_No_Cross,MSE_Plugin,MSE_IPW,MSE_Debiased,MSE_Debiased_No_Cross,Coverage_Probability,Coverage_Probability_No_Cross
30,200,100,0.40689289569854736,150,-0.011592391475341555,0.0692488192037186,-0.011451929688437446,-0.014018151813636599,0.0008964170697677702,0.09059264333522872,0.0011642627969937229,0.000684686434898627,0.0010308006098853422,0.09538804229633806,0.001295409490582638,0.0008811950151687903,0.9,0.91
