n,d,K,alpha,sparsity,Bias_Plugin,Bias_IPW,Bias_Debiased,Bias_Debiased_No_Cross,Variance_Plugin,Variance_IPW,Variance_Debiased,Variance_Debiased_No_Cross,MSE_Plugin,MSE_IPW,MSE_Debiased,MSE_Debiased_No_Cross,Coverage_Probability,Coverage_Probability_No_Cross
4,200,100,0.7729858160018921,50,0.007347976683512082,0.40633728131138674,0.008215065157187656,0.014214958401704036,0.006424540632994972,0.003914841385595716,0.004047539749679354,0.006608439947635409,0.006478533394336408,0.16902482756912474,0.004115027045216194,0.006810504989997587,0.65,0.82
