n,d,K,alpha,sparsity,Bias_Plugin,Bias_IPW,Bias_IPW_No_Cross,Bias_Debiased,Bias_Debiased_No_Cross,Bias_Debiased_Single_Fold,Variance_Plugin,Variance_IPW,Variance_IPW_No_Cross,Variance_Debiased,Variance_Debiased_No_Cross,Variance_Debiased_Single_Fold,MSE_Plugin,MSE_IPW,MSE_IPW_No_Cross,MSE_Debiased,MSE_Debiased_No_Cross,MSE_Debiased_Single_Fold,Coverage_Probability,Coverage_Probability_No_Cross,Coverage_Probability_Single_Fold
100,200,100,0.5742889642715454,100,-0.0025654466448601834,-0.006666897999686041,6.092078424970726e-05,-0.02704415603004778,-0.008408635455068087,-0.027869210408572497,0.006505615906881805,0.6190544396871616,0.010629897594321518,0.04808608943422693,0.003134936959438418,0.04707839934177839,0.006512197423369431,0.6190988872160998,0.01062990130566347,0.0488174758096045,0.0032056421096546463,0.047855092230575685,0.56,0.68,0.73
