n,d,K,alpha,sparsity,Bias_Plugin,Bias_IPW,Bias_IPW_No_Cross,Bias_Debiased,Bias_Debiased_No_Cross,Bias_Debiased_Single_Fold,Variance_Plugin,Variance_IPW,Variance_IPW_No_Cross,Variance_Debiased,Variance_Debiased_No_Cross,Variance_Debiased_Single_Fold,MSE_Plugin,MSE_IPW,MSE_IPW_No_Cross,MSE_Debiased,MSE_Debiased_No_Cross,MSE_Debiased_Single_Fold,Coverage_Probability,Coverage_Probability_No_Cross,Coverage_Probability_Single_Fold
50,200,100,0.49258530139923096,125,-0.006846825703775985,0.026929153474501262,-0.003691644930023607,-0.01788191090948564,-0.006480589806913825,-0.019698656484581918,0.011495679463941366,0.2640944086002175,0.03377698704620547,0.020334063700054986,0.013530738923692947,0.03300227145113879,0.011542558486159255,0.2648195879070707,0.03379061528849485,0.02065382643782977,0.013572736967938419,0.03339030851843635,0.405,0.5,0.48
