n,d,K,alpha,sparsity,Bias_Plugin,Bias_IPW,Bias_IPW_No_Cross,Bias_Debiased,Bias_Debiased_No_Cross,Bias_Debiased_Single_Fold,Variance_Plugin,Variance_IPW,Variance_IPW_No_Cross,Variance_Debiased,Variance_Debiased_No_Cross,Variance_Debiased_Single_Fold,MSE_Plugin,MSE_IPW,MSE_IPW_No_Cross,MSE_Debiased,MSE_Debiased_No_Cross,MSE_Debiased_Single_Fold,Coverage_Probability,Coverage_Probability_No_Cross,Coverage_Probability_Single_Fold
200,200,100,0.953795313835144,25,0.007201644029425729,-0.012988253401477644,-0.0042795826022118955,0.007888850039785886,5.779580309646648e-06,0.008875457955846591,0.004055616828230581,0.05007372882454082,0.00369152793048644,0.011671218871923614,0.0004518187097694632,0.024356517368144502,0.004107480504957145,0.05024242355096182,0.003709842757735595,0.011733452826873846,0.0004518187431730117,0.0244352911220705,0.92,0.96,0.935
