n,d,K,alpha,sparsity,Bias_Plugin,Bias_IPW,Bias_IPW_No_Cross,Bias_Debiased,Bias_Debiased_No_Cross,Bias_Debiased_Single_Fold,Variance_Plugin,Variance_IPW,Variance_IPW_No_Cross,Variance_Debiased,Variance_Debiased_No_Cross,Variance_Debiased_Single_Fold,MSE_Plugin,MSE_IPW,MSE_IPW_No_Cross,MSE_Debiased,MSE_Debiased_No_Cross,MSE_Debiased_Single_Fold,Coverage_Probability,Coverage_Probability_No_Cross,Coverage_Probability_Single_Fold
200,200,100,0.20166337490081787,190,-0.08999636487398618,-0.07934757977356449,-0.07351108749132533,-0.0732238873344575,-0.06776761182979411,-0.05950341083352932,1.3882750494826694,1.8851272370520058,1.3008983849267886,1.3211722490593218,1.1574521772107864,1.6811314877715273,1.396374395173201,1.8914232754679279,1.306302264910946,1.3265339867356911,1.1620446264239,1.684672143672351,0.08,0.08,0.09
