n,d,K,alpha,sparsity,Bias_Plugin,Bias_IPW,Bias_Debiased,Bias_Debiased_No_Cross,Variance_Plugin,Variance_IPW,Variance_Debiased,Variance_Debiased_No_Cross,MSE_Plugin,MSE_IPW,MSE_Debiased,MSE_Debiased_No_Cross,Coverage_Probability,Coverage_Probability_No_Cross
10,200,100,0.953795313835144,25,0.02038822841739193,-0.003544234973309081,-0.013893950032757391,-2775725.169040658,0.004341338389133342,0.08397998128330823,0.022084834753324362,1106741176464967.2,0.004757018247133092,0.08399254288485426,0.022277876600837115,1114445826679013.1,0.94,0.12
