n,d,K,alpha,sparsity,Bias_Plugin,Bias_IPW,Bias_IPW_No_Cross,Bias_Debiased,Bias_Debiased_No_Cross,Bias_Debiased_Single_Fold,Variance_Plugin,Variance_IPW,Variance_IPW_No_Cross,Variance_Debiased,Variance_Debiased_No_Cross,Variance_Debiased_Single_Fold,MSE_Plugin,MSE_IPW,MSE_IPW_No_Cross,MSE_Debiased,MSE_Debiased_No_Cross,MSE_Debiased_Single_Fold,Coverage_Probability,Coverage_Probability_No_Cross,Coverage_Probability_Single_Fold
200,200,100,0.40689289569854736,150,-0.004921224592356835,0.09243375812069614,-0.0003068510762849863,0.0017684592645190755,-0.010538429538680737,0.005475875584916725,0.03113258511265896,1.098851353645043,0.04364875217586061,0.029719791786816555,0.029632358116865692,0.03183634555832957,0.031156803564147375,1.1073953532853584,0.04364884633344362,0.02972291923498682,0.02974341661400742,0.03186633077175106,0.21,0.3,0.25
