n,d,K,alpha,sparsity,Bias_Plugin,Bias_IPW,Bias_IPW_No_Cross,Bias_Debiased,Bias_Debiased_No_Cross,Bias_Debiased_Single_Fold,Variance_Plugin,Variance_IPW,Variance_IPW_No_Cross,Variance_Debiased,Variance_Debiased_No_Cross,Variance_Debiased_Single_Fold,MSE_Plugin,MSE_IPW,MSE_IPW_No_Cross,MSE_Debiased,MSE_Debiased_No_Cross,MSE_Debiased_Single_Fold,Coverage_Probability,Coverage_Probability_No_Cross,Coverage_Probability_Single_Fold
100,200,100,0.7729858160018921,50,0.001504593015165281,0.033428681296854126,-0.0022614767777883174,-0.0004787883801685611,0.0002026499948757271,-8.355149641751769e-05,0.005375410309748514,0.08029339303894666,0.00710816433048425,0.037311151563123236,0.001103649259204624,0.05780751686723882,0.005377674109889796,0.0814108697721933,0.007113278607700726,0.03731138080143623,0.0011036903262250472,0.05780752384809136,0.9,0.92,0.93
