n,d,K,alpha,sparsity,Bias_Plugin,Bias_IPW,Bias_Debiased,Bias_Debiased_No_Cross,Variance_Plugin,Variance_IPW,Variance_Debiased,Variance_Debiased_No_Cross,MSE_Plugin,MSE_IPW,MSE_Debiased,MSE_Debiased_No_Cross,Coverage_Probability,Coverage_Probability_No_Cross
30,200,100,0.49258530139923096,125,2.215849542528514e-05,0.08744864350418752,-0.006103080215805237,-0.005511994687894185,0.0008023052059307612,0.054429533035178876,0.0009642205027654169,0.0006471312525113937,0.0008023056969296808,0.06207679828590136,0.0010014680908859701,0.0006775133379507672,0.94,0.94
