n,d,K,alpha,sparsity,Bias_Plugin,Bias_IPW,Bias_Debiased,Bias_Debiased_No_Cross,Variance_Plugin,Variance_IPW,Variance_Debiased,Variance_Debiased_No_Cross,MSE_Plugin,MSE_IPW,MSE_Debiased,MSE_Debiased_No_Cross,Coverage_Probability,Coverage_Probability_No_Cross
4,200,100,0.20166337490081787,190,-0.05894153804940649,0.7305214529341029,-0.07139028803016624,-0.07129888833592117,0.6998881788261734,0.006400768714811164,0.5261462927867927,0.02539810978008371,0.7033622837338029,0.5400623619117639,0.5312428660118226,0.030481641258021868,0.24,0.65
