n,d,K,sparsity,Bias_Plugin,Bias_IPW,Bias_Debiased,Variance_Plugin,Variance_IPW,Variance_Debiased,MSE_Plugin,MSE_IPW,MSE_Debiased,Coverage_Probability
20,200,100,50,0.010502272841444941,-0.0030151618694744834,0.007747593065253269,0.003455382180581988,0.03536789519082547,0.01855564080955341,0.003565679915418139,0.0353769863919246,0.018615666007858172,0.93
