n,d,K,alpha,sparsity,Bias_Plugin,Bias_IPW,Bias_Debiased,Bias_Debiased_No_Cross,Variance_Plugin,Variance_IPW,Variance_Debiased,Variance_Debiased_No_Cross,MSE_Plugin,MSE_IPW,MSE_Debiased,MSE_Debiased_No_Cross,Coverage_Probability,Coverage_Probability_No_Cross
20,200,100,0.49258530139923096,125,-0.0002041691840811566,0.06344119544429022,-0.006265560197186833,-0.005007814972202218,0.001048240848700019,0.051707648761239226,0.0010429158454886395,0.0009720502098993693,0.0010482825337557477,0.05573243404063986,0.0010821730900732111,0.000997128420695182,0.96,0.96
