n,d,K,alpha,sparsity,Bias_Plugin,Bias_IPW,Bias_IPW_No_Cross,Bias_Debiased,Bias_Debiased_No_Cross,Bias_Debiased_Single_Fold,Variance_Plugin,Variance_IPW,Variance_IPW_No_Cross,Variance_Debiased,Variance_Debiased_No_Cross,Variance_Debiased_Single_Fold,MSE_Plugin,MSE_IPW,MSE_IPW_No_Cross,MSE_Debiased,MSE_Debiased_No_Cross,MSE_Debiased_Single_Fold,Coverage_Probability,Coverage_Probability_No_Cross,Coverage_Probability_Single_Fold
100,200,100,0.0,200,-0.23148580021675538,-0.6155449342089656,0.07874613096324551,-0.16659180410571892,-0.1750354606586417,-0.16263109077868218,42.06818046753273,21749.177979099648,55.12972687256865,49.4316149603333,42.110229773044864,49.1837340361221,42.12176614323473,21749.55687466568,55.135927825710326,49.45936778952851,42.140867185532855,49.21018290780996,0.015,0.04,0.015
