n,d,K,alpha,sparsity,Bias_Plugin,Bias_IPW,Bias_IPW_No_Cross,Bias_Debiased,Bias_Debiased_No_Cross,Bias_Debiased_Single_Fold,Variance_Plugin,Variance_IPW,Variance_IPW_No_Cross,Variance_Debiased,Variance_Debiased_No_Cross,Variance_Debiased_Single_Fold,MSE_Plugin,MSE_IPW,MSE_IPW_No_Cross,MSE_Debiased,MSE_Debiased_No_Cross,MSE_Debiased_Single_Fold,Coverage_Probability,Coverage_Probability_No_Cross,Coverage_Probability_Single_Fold
2,200,100,1.2249547243118286,10,0.002051541119503815,-0.029890958106002175,0.10488080024371865,-0.025684568963083354,-0.006234442655740127,-0.029388195665693,0.013496096281254494,0.11216986144301033,0.7139167224984129,0.010673818761297766,0.03051223107298324,0.026033149355902667,0.013500305102219511,0.11306333081950512,0.7249167047581757,0.011333515844117148,0.03055109934821095,0.02689681540038773,1.0,0.29,0.97
