n,d,K,alpha,sparsity,Bias_Plugin,Bias_IPW,Bias_IPW_No_Cross,Bias_Debiased,Bias_Debiased_No_Cross,Bias_Debiased_Single_Fold,Variance_Plugin,Variance_IPW,Variance_IPW_No_Cross,Variance_Debiased,Variance_Debiased_No_Cross,Variance_Debiased_Single_Fold,MSE_Plugin,MSE_IPW,MSE_IPW_No_Cross,MSE_Debiased,MSE_Debiased_No_Cross,MSE_Debiased_Single_Fold,Coverage_Probability,Coverage_Probability_No_Cross,Coverage_Probability_Single_Fold
200,200,100,0.953795313835144,25,-0.005406546404793144,-0.03290941600272526,-0.00021510347191297768,-0.005393391240589364,0.002965816629398157,-0.003951535924776418,0.00075615837281521,0.06305469790096847,0.004045083569292835,0.00208174301403212,0.0006148667537957312,0.004457227015708335,0.0007853891168423914,0.0641377275626089,0.004045129838796466,0.0021108316831061863,0.0006236628220749457,0.004472841651873135,0.96,0.92,0.98
