n,d,K,alpha,sparsity,Bias_Plugin,Bias_IPW,Bias_Debiased,Bias_Debiased_No_Cross,Variance_Plugin,Variance_IPW,Variance_Debiased,Variance_Debiased_No_Cross,MSE_Plugin,MSE_IPW,MSE_Debiased,MSE_Debiased_No_Cross,Coverage_Probability,Coverage_Probability_No_Cross
30,200,100,0.5742889642715454,100,0.00015053991979472104,0.006765097055630703,0.0034040378190342336,0.0019829790367514267,0.0013934612962542368,0.11048271681859177,0.0028997468163627356,0.001051905791243993,0.0013934839585216883,0.11052848335676389,0.0029113342898361505,0.001055837997104189,0.93,0.94
