n,d,K,alpha,sparsity,Bias_Plugin,Bias_IPW,Bias_Debiased,Bias_Debiased_No_Cross,Variance_Plugin,Variance_IPW,Variance_Debiased,Variance_Debiased_No_Cross,MSE_Plugin,MSE_IPW,MSE_Debiased,MSE_Debiased_No_Cross,Coverage_Probability,Coverage_Probability_No_Cross
100,200,100,0.40689289569854736,150,-0.008689302092988809,-0.008006886007676906,-0.012210759696863433,-0.011497244111587802,0.0002074200841179126,0.1115940741308287,0.00022258511887681385,0.0001774583841960101,0.00028292405498113227,0.11165818435436861,0.0003716877712513582,0.0003096450063574504,0.88,0.88
