n,d,K,alpha,sparsity,Bias_Plugin,Bias_IPW,Bias_IPW_No_Cross,Bias_Debiased,Bias_Debiased_No_Cross,Bias_Debiased_Single_Fold,Variance_Plugin,Variance_IPW,Variance_IPW_No_Cross,Variance_Debiased,Variance_Debiased_No_Cross,Variance_Debiased_Single_Fold,MSE_Plugin,MSE_IPW,MSE_IPW_No_Cross,MSE_Debiased,MSE_Debiased_No_Cross,MSE_Debiased_Single_Fold,Coverage_Probability,Coverage_Probability_No_Cross,Coverage_Probability_Single_Fold
50,200,100,0.40689289569854736,150,-0.045347075819898865,0.1495002561482008,-0.01596187731370803,-0.06644482624577952,-0.03625588366823853,-0.06779044819204014,0.045525133552730024,1.2489096223358176,0.06519704834671522,0.07673376961501593,0.035374941981652655,0.09253367682662034,0.04758149083814566,1.2712599489241951,0.06545182987409309,0.08114868454984776,0.036689431082217505,0.09712922169269803,0.24,0.33,0.29
