n,d,K,alpha,sparsity,Bias_Plugin,Bias_IPW,Bias_IPW_No_Cross,Bias_Debiased,Bias_Debiased_No_Cross,Bias_Debiased_Single_Fold,Variance_Plugin,Variance_IPW,Variance_IPW_No_Cross,Variance_Debiased,Variance_Debiased_No_Cross,Variance_Debiased_Single_Fold,MSE_Plugin,MSE_IPW,MSE_IPW_No_Cross,MSE_Debiased,MSE_Debiased_No_Cross,MSE_Debiased_Single_Fold,Coverage_Probability,Coverage_Probability_No_Cross,Coverage_Probability_Single_Fold
200,200,100,0.662580132484436,75,0.0014404799153038162,0.017642259628465613,0.007036540310021888,0.009360742976621636,0.0023365220898628907,0.0037646011227689324,0.0010044325810508086,0.07949443603132775,0.006585749980400456,0.002245461891715837,0.0010748858202003601,0.003558393049750659,0.0010065075634372025,0.07980568535612592,0.006635262879935019,0.002333085400790208,0.0010803451556767772,0.003572565271364212,0.81,0.75,0.85
