n,d,K,alpha,sparsity,Bias_Plugin,Bias_IPW,Bias_Debiased,Bias_Debiased_No_Cross,Variance_Plugin,Variance_IPW,Variance_Debiased,Variance_Debiased_No_Cross,MSE_Plugin,MSE_IPW,MSE_Debiased,MSE_Debiased_No_Cross,Coverage_Probability,Coverage_Probability_No_Cross
30,200,100,0.5742889642715454,100,-0.004264028158294524,-0.2941625853964139,-0.004945496918867276,5629.242654878177,0.0012146476069153963,5.523911962013049,0.026627886552920164,239657886163.33984,0.0012328295430501248,5.610443588660153,0.026652344492694695,239689574536.2073,0.95,0.61
