n,d,K,alpha,sparsity,Bias_Plugin,Bias_IPW,Bias_Debiased,Bias_Debiased_No_Cross,Variance_Plugin,Variance_IPW,Variance_Debiased,Variance_Debiased_No_Cross,MSE_Plugin,MSE_IPW,MSE_Debiased,MSE_Debiased_No_Cross,Coverage_Probability,Coverage_Probability_No_Cross
10,200,100,0.0,200,-0.30577550475927207,-0.3374849095644164,-0.23051064760936107,-133694242.50706086,0.11585264601652606,16.058747537860157,0.9456915922321637,4.219942394209386e+16,0.20935130532731364,16.172643602043863,0.9988267508934505,6.007357442163065e+16,0.01,0.18
