n,d,K,alpha,sparsity,Bias_Plugin,Bias_IPW,Bias_IPW_No_Cross,Bias_Debiased,Bias_Debiased_No_Cross,Bias_Debiased_Single_Fold,Variance_Plugin,Variance_IPW,Variance_IPW_No_Cross,Variance_Debiased,Variance_Debiased_No_Cross,Variance_Debiased_Single_Fold,MSE_Plugin,MSE_IPW,MSE_IPW_No_Cross,MSE_Debiased,MSE_Debiased_No_Cross,MSE_Debiased_Single_Fold,Coverage_Probability,Coverage_Probability_No_Cross,Coverage_Probability_Single_Fold
200,200,100,0.30024945735931396,175,-0.03408737308216105,-0.30263264668246803,-0.03184012758493121,-0.05703571920716234,-0.03511189692411929,-0.054614958574034596,0.32292711210361574,17.255903698099456,0.30937402822002436,0.6558183050436247,0.26801962777844873,0.6323203354358682,0.3240890611072582,17.34749021693749,0.3103878219446491,0.659071378309103,0.2692524730840587,0.6353031291359117,0.13,0.135,0.14
