n,d,K,alpha,sparsity,Bias_Plugin,Bias_IPW,Bias_Debiased,Bias_Debiased_No_Cross,Variance_Plugin,Variance_IPW,Variance_Debiased,Variance_Debiased_No_Cross,MSE_Plugin,MSE_IPW,MSE_Debiased,MSE_Debiased_No_Cross,Coverage_Probability,Coverage_Probability_No_Cross
4,200,100,0.5742889642715454,100,-0.008998136693113922,0.7531513869963713,-0.010466566559369572,-0.013722381677276074,0.01878879792730284,0.00025861125848973163,0.014125259030984171,0.006430192407740703,0.01886976439125081,0.5674956229930475,0.014234808046525882,0.006618496166637544,0.21,0.5
