n,d,K,alpha,sparsity,Bias_Plugin,Bias_IPW,Bias_Debiased,Bias_Debiased_No_Cross,Variance_Plugin,Variance_IPW,Variance_Debiased,Variance_Debiased_No_Cross,MSE_Plugin,MSE_IPW,MSE_Debiased,MSE_Debiased_No_Cross,Coverage_Probability,Coverage_Probability_No_Cross
100,200,100,0.0,200,-0.16487719361562195,-0.08757548667407064,-0.9171942233337852,0.011102524375689544,0.5105010953168876,162.50061740690168,12.525419697635305,0.034214626051305694,0.5376855842914509,162.50828687276788,13.366664940952171,0.03433789209881848,0.01,0.89
