n,d,K,alpha,sparsity,Bias_Plugin,Bias_IPW,Bias_Debiased,Bias_Debiased_No_Cross,Variance_Plugin,Variance_IPW,Variance_Debiased,Variance_Debiased_No_Cross,MSE_Plugin,MSE_IPW,MSE_Debiased,MSE_Debiased_No_Cross,Coverage_Probability,Coverage_Probability_No_Cross
20,200,100,0.49258530139923096,125,-0.0014194922697958546,0.0700788576960849,0.00026371788237500635,174368.94760781233,0.0009458967950593064,0.05467690230490141,0.0009442110945059221,613135577334.7721,0.0009479117533633165,0.05958794860088952,0.0009442806416274065,643540107224.628,0.95,0.51
