n,d,K,alpha,sparsity,Bias_Plugin,Bias_IPW,Bias_Debiased,Bias_Debiased_No_Cross,Variance_Plugin,Variance_IPW,Variance_Debiased,Variance_Debiased_No_Cross,MSE_Plugin,MSE_IPW,MSE_Debiased,MSE_Debiased_No_Cross,Coverage_Probability,Coverage_Probability_No_Cross
50,200,100,0.7729858160018921,50,0.004289019941505155,0.0480816970915954,0.0008894615707907866,9447.855475213577,0.0009585109284031601,0.03521395243190421,0.0018162636679057765,63402799101.45936,0.0009769066204617888,0.03752580202711214,0.0018170548097916903,63492061074.53986,0.94,0.6
