n,d,K,alpha,sparsity,Bias_Plugin,Bias_IPW,Bias_IPW_No_Cross,Bias_Debiased,Bias_Debiased_No_Cross,Variance_Plugin,Variance_IPW,Variance_IPW_No_Cross,Variance_Debiased,Variance_Debiased_No_Cross,MSE_Plugin,MSE_IPW,MSE_IPW_No_Cross,MSE_Debiased,MSE_Debiased_No_Cross,Coverage_Probability,Coverage_Probability_No_Cross
10,100,50,0.39164483547210693,80,0.01479481384729841,0.0579539727610843,0.005001372249803646,-0.03181893205307878,0.032107484385134784,1.872505526181832,1.7401992250671532,0.8877222171970545,2.2565302976617687,1.8780225035862668,0.07908076607784674,0.39281177681962265,0.2909375956559586,0.32340336264337194,0.08345067335918772,0.22,0.41
