n,d,K,alpha,sparsity,Bias_Plugin,Bias_IPW,Bias_Debiased,Bias_Debiased_No_Cross,Variance_Plugin,Variance_IPW,Variance_Debiased,Variance_Debiased_No_Cross,MSE_Plugin,MSE_IPW,MSE_Debiased,MSE_Debiased_No_Cross,Coverage_Probability,Coverage_Probability_No_Cross
4,200,100,0.49258530139923096,125,0.0030721341642926505,0.667532317791988,-0.0016155672273257494,-0.006555016659727468,0.00670277051202337,0.00263712460675863,0.0030315199880268425,0.002627607080839719,0.006712208520346783,0.44823651990350244,0.0030341300454928516,0.0026705753242490227,0.75,0.74
