n,d,K,alpha,sparsity,Bias_Plugin,Bias_IPW,Bias_IPW_No_Cross,Bias_Debiased,Bias_Debiased_No_Cross,Bias_Debiased_Single_Fold,Variance_Plugin,Variance_IPW,Variance_IPW_No_Cross,Variance_Debiased,Variance_Debiased_No_Cross,Variance_Debiased_Single_Fold,MSE_Plugin,MSE_IPW,MSE_IPW_No_Cross,MSE_Debiased,MSE_Debiased_No_Cross,MSE_Debiased_Single_Fold,Coverage_Probability,Coverage_Probability_No_Cross,Coverage_Probability_Single_Fold
10,200,100,0.40689289569854736,150,-0.009713025275628864,-0.010182181952577217,-0.06356651704313687,-0.014870267427621355,-0.017701400817023406,-0.01740779017570414,0.03221652165529693,0.22413945171442212,0.2298019174204989,0.031916197969152564,0.047457740313319376,0.034649148812511736,0.032310864515301935,0.22424312854373749,0.2338426195094943,0.03213732282252155,0.04777107990420429,0.03495217997131308,0.37,0.56,0.5
