n,d,K,alpha,sparsity,Bias_Plugin,Bias_IPW,Bias_IPW_No_Cross,Bias_Debiased,Bias_Debiased_No_Cross,Bias_Debiased_Single_Fold,Variance_Plugin,Variance_IPW,Variance_IPW_No_Cross,Variance_Debiased,Variance_Debiased_No_Cross,Variance_Debiased_Single_Fold,MSE_Plugin,MSE_IPW,MSE_IPW_No_Cross,MSE_Debiased,MSE_Debiased_No_Cross,MSE_Debiased_Single_Fold,Coverage_Probability,Coverage_Probability_No_Cross,Coverage_Probability_Single_Fold
10,200,100,0.30024945735931396,175,-0.037331001298790925,0.06159890060588589,-0.009305953196750706,-0.04386188506364883,-0.03235620343221647,-0.04243010644949551,0.21205465462554607,1.3220102344224802,0.5308779815323225,0.20417863824990115,0.24352010265583204,0.20322700612429404,0.21344825828351638,1.3258046589783337,0.5309645822972224,0.20610250321123794,0.24456702655637896,0.20502732005760954,0.165,0.3,0.235
