n,d,K,alpha,sparsity,Bias_Plugin,Bias_IPW,Bias_IPW_No_Cross,Bias_Debiased,Bias_Debiased_No_Cross,Bias_Debiased_Single_Fold,Variance_Plugin,Variance_IPW,Variance_IPW_No_Cross,Variance_Debiased,Variance_Debiased_No_Cross,Variance_Debiased_Single_Fold,MSE_Plugin,MSE_IPW,MSE_IPW_No_Cross,MSE_Debiased,MSE_Debiased_No_Cross,MSE_Debiased_Single_Fold,Coverage_Probability,Coverage_Probability_No_Cross,Coverage_Probability_Single_Fold
50,200,100,0.49258530139923096,125,-0.007733146535385582,-0.040515335751650526,-0.026141701473736026,-0.014782716611620594,-0.010824145857282632,-0.026001927678493346,0.022448891578981608,0.22916039294991247,0.04342582123448682,0.05102958271857447,0.011373267614570436,0.056319847030545205,0.02250869313431936,0.23080188538098148,0.04410920979042876,0.05124811142899395,0.01149042974811016,0.05699594727354282,0.45,0.56,0.555
