n,d,K,alpha,sparsity,Bias_Plugin,Bias_IPW,Bias_IPW_No_Cross,Bias_Debiased,Bias_Debiased_No_Cross,Bias_Debiased_Single_Fold,Variance_Plugin,Variance_IPW,Variance_IPW_No_Cross,Variance_Debiased,Variance_Debiased_No_Cross,Variance_Debiased_Single_Fold,MSE_Plugin,MSE_IPW,MSE_IPW_No_Cross,MSE_Debiased,MSE_Debiased_No_Cross,MSE_Debiased_Single_Fold,Coverage_Probability,Coverage_Probability_No_Cross,Coverage_Probability_Single_Fold
100,200,100,0.40689289569854736,150,-0.0025855130280581905,0.04074636566285705,0.02401836148023409,-0.009226033709361366,0.021715561328077112,-0.010802663890548203,0.06363395020763284,0.5733555682614974,0.059575954200781316,0.10598412615637834,0.03960136011985104,0.12221385259861034,0.06364063508525108,0.5750158345762286,0.06015283588897652,0.10606924585438464,0.040072925723644515,0.1223305501457425,0.205,0.31,0.28
