n,d,K,alpha,sparsity,Bias_Plugin,Bias_IPW,Bias_Debiased,Bias_Debiased_No_Cross,Variance_Plugin,Variance_IPW,Variance_Debiased,Variance_Debiased_No_Cross,MSE_Plugin,MSE_IPW,MSE_Debiased,MSE_Debiased_No_Cross,Coverage_Probability,Coverage_Probability_No_Cross
500,200,100,0.40689289569854736,150,-0.003044043103109856,0.022830694091213903,-0.025988087988407207,-0.008185722428632863,0.005896083722122069,0.0569883418696475,0.02134605962867807,2.6056140431680915e-05,0.00590534992053566,0.05750958246233408,0.022021440345971262,9.306219211030401e-05,0.82,0.71
