n,d,K,alpha,sparsity,Bias_Plugin,Bias_IPW,Bias_IPW_No_Cross,Bias_Debiased,Bias_Debiased_No_Cross,Bias_Debiased_Single_Fold,Variance_Plugin,Variance_IPW,Variance_IPW_No_Cross,Variance_Debiased,Variance_Debiased_No_Cross,Variance_Debiased_Single_Fold,MSE_Plugin,MSE_IPW,MSE_IPW_No_Cross,MSE_Debiased,MSE_Debiased_No_Cross,MSE_Debiased_Single_Fold,Coverage_Probability,Coverage_Probability_No_Cross,Coverage_Probability_Single_Fold
10,200,100,0.5742889642715454,100,0.002518829351460143,-0.05945984078964031,0.02138477366225899,-0.005923347925841553,0.0010812341577497919,-0.0012545306967279035,0.0038256964766054252,0.15250197925334077,0.1576955491083186,0.004206453586918384,0.011348535392444535,0.0063674975245605284,0.003832040977907202,0.15603745192007015,0.15815285765290465,0.004241539637568956,0.01134970445974842,0.00636907137182956,0.855,0.845,0.87
