n,d,K,alpha,sparsity,Bias_Plugin,Bias_IPW,Bias_IPW_No_Cross,Bias_Debiased,Bias_Debiased_No_Cross,Variance_Plugin,Variance_IPW,Variance_IPW_No_Cross,Variance_Debiased,Variance_Debiased_No_Cross,MSE_Plugin,MSE_IPW,MSE_IPW_No_Cross,MSE_Debiased,MSE_Debiased_No_Cross,Coverage_Probability,Coverage_Probability_No_Cross
100,50,30,0.0,50,-0.5233135508226576,11.653885743143293,-1.2254813577747983,-0.07345358163415347,0.06051911501908978,30.83969327019777,6230.0565348941855,49.738317575133806,48.95353261635549,7.632921755102241,31.113550342672383,6365.869587808424,51.24012213338736,48.95892804501038,7.636584318384934,0.06,0.04
