n,d,K,alpha,sparsity,Bias_Plugin,Bias_IPW,Bias_IPW_No_Cross,Bias_Debiased,Bias_Debiased_No_Cross,Bias_Debiased_Single_Fold,Variance_Plugin,Variance_IPW,Variance_IPW_No_Cross,Variance_Debiased,Variance_Debiased_No_Cross,Variance_Debiased_Single_Fold,MSE_Plugin,MSE_IPW,MSE_IPW_No_Cross,MSE_Debiased,MSE_Debiased_No_Cross,MSE_Debiased_Single_Fold,Coverage_Probability,Coverage_Probability_No_Cross,Coverage_Probability_Single_Fold
200,200,100,0.49258530139923096,125,-0.0057404194176816645,-0.0019335261284751494,0.007890765794641754,-0.0008185862367228501,0.005175006266401267,-0.0007991703970483288,0.0626936376520887,0.030536276564481876,0.015195343475882379,0.011091372832991437,0.009117132711811441,0.019836549527202263,0.06272659006717962,0.030540015087771374,0.015257607660708264,0.011092042916418389,0.009143913401668733,0.01983718820052578,0.325,0.38,0.415
