n,d,K,alpha,sparsity,Bias_Plugin,Bias_IPW,Bias_IPW_No_Cross,Bias_Debiased,Bias_Debiased_No_Cross,Bias_Debiased_Single_Fold,Variance_Plugin,Variance_IPW,Variance_IPW_No_Cross,Variance_Debiased,Variance_Debiased_No_Cross,Variance_Debiased_Single_Fold,MSE_Plugin,MSE_IPW,MSE_IPW_No_Cross,MSE_Debiased,MSE_Debiased_No_Cross,MSE_Debiased_Single_Fold,Coverage_Probability,Coverage_Probability_No_Cross,Coverage_Probability_Single_Fold
200,200,100,0.7729858160018921,50,-0.004822443477828378,-0.027346620841514273,0.0019297160186624298,-0.0014914019960073294,0.002732222696433299,-0.00979534340536489,0.010568845280480663,0.04641435791518262,0.003896303869459282,0.007113132139873699,0.000670228922128779,0.008423173777023592,0.010592101241577511,0.04716219558663216,0.003900027673371964,0.007115356419787391,0.000677693962991684,0.008519122529452621,0.935,0.92,0.95
