n,d,K,alpha,sparsity,Bias_Plugin,Bias_IPW,Bias_IPW_No_Cross,Bias_Debiased,Bias_Debiased_No_Cross,Bias_Debiased_Single_Fold,Variance_Plugin,Variance_IPW,Variance_IPW_No_Cross,Variance_Debiased,Variance_Debiased_No_Cross,Variance_Debiased_Single_Fold,MSE_Plugin,MSE_IPW,MSE_IPW_No_Cross,MSE_Debiased,MSE_Debiased_No_Cross,MSE_Debiased_Single_Fold,Coverage_Probability,Coverage_Probability_No_Cross,Coverage_Probability_Single_Fold
100,200,100,1.2249547243118286,10,0.001095616783254814,0.08665433905373822,0.0057254199344344,-0.007228697796500525,0.0006343591331518497,-0.015059331633728518,0.0022133195593390877,1.0227527286917728,0.007208102733754409,0.04573905203157113,0.0008229096354231705,0.05806331650448484,0.002214519935474838,1.0302617031686132,0.007240883167180028,0.04579130610340426,0.0008233120469329836,0.058290099973739434,0.96,0.93,0.925
