n,d,K,alpha,sparsity,Bias_Plugin,Bias_IPW,Bias_Debiased,Bias_Debiased_No_Cross,Variance_Plugin,Variance_IPW,Variance_Debiased,Variance_Debiased_No_Cross,MSE_Plugin,MSE_IPW,MSE_Debiased,MSE_Debiased_No_Cross,Coverage_Probability,Coverage_Probability_No_Cross
50,200,100,0.7729858160018921,50,0.002671154398490599,-0.08325114298920619,0.027396646142532344,0.004689609145593312,0.0025653383191559503,1.9220894367640329,0.02391879165796523,0.002266421024892128,0.0025724733849765264,1.9290201895730419,0.02466936787782437,0.0022884134588305603,0.88,0.92
