n,d,K,sparsity,Bias_Plugin,Bias_IPW,Bias_Debiased,Variance_Plugin,Variance_IPW,Variance_Debiased,MSE_Plugin,MSE_IPW,MSE_Debiased,Coverage_Probability
20,200,100,75,0.003569430467786413,0.010933215141387684,0.0011244436250788803,0.00286607092246941,0.036276975885352614,0.006157860805738252,0.002878811756333771,0.03639651107868048,0.006159125179204233,0.96
