n,d,K,alpha,sparsity,Bias_Plugin,Bias_IPW,Bias_IPW_No_Cross,Bias_Debiased,Bias_Debiased_No_Cross,Bias_Debiased_Single_Fold,Variance_Plugin,Variance_IPW,Variance_IPW_No_Cross,Variance_Debiased,Variance_Debiased_No_Cross,Variance_Debiased_Single_Fold,MSE_Plugin,MSE_IPW,MSE_IPW_No_Cross,MSE_Debiased,MSE_Debiased_No_Cross,MSE_Debiased_Single_Fold,Coverage_Probability,Coverage_Probability_No_Cross,Coverage_Probability_Single_Fold
10,200,100,0.40689289569854736,150,0.003981492602638549,-0.06471979586220854,0.05035548907923487,0.01189587791782209,-0.00338375326244409,0.012497446983722047,0.033958189247318055,0.5072780308509374,0.27264929197178595,0.03578541474844338,0.050599420229602246,0.03522254375857334,0.033974041530662906,0.5114666828273832,0.2751849672521948,0.03592692665987911,0.050610870015743326,0.03537872993968429,0.35,0.52,0.53
