n,d,K,alpha,sparsity,Bias_Plugin,Bias_IPW,Bias_IPW_No_Cross,Bias_Debiased,Bias_Debiased_No_Cross,Bias_Debiased_Single_Fold,Variance_Plugin,Variance_IPW,Variance_IPW_No_Cross,Variance_Debiased,Variance_Debiased_No_Cross,Variance_Debiased_Single_Fold,MSE_Plugin,MSE_IPW,MSE_IPW_No_Cross,MSE_Debiased,MSE_Debiased_No_Cross,MSE_Debiased_Single_Fold,Coverage_Probability,Coverage_Probability_No_Cross,Coverage_Probability_Single_Fold
10,200,100,0.49258530139923096,125,0.01073733976596789,0.00677946788041501,-0.00233112900559004,0.01500551358092297,0.005497645310934936,0.011482262967732781,0.009080603682981917,0.11051879833710633,0.15602968347113724,0.008655486689528617,0.017726906116210348,0.009705566220140373,0.009195894148231751,0.11056475952184792,0.15603511763357797,0.008880652127355882,0.017757130220175193,0.009837408583000543,0.665,0.765,0.835
