n,d,K,alpha,sparsity,Bias_Plugin,Bias_IPW,Bias_Debiased,Bias_Debiased_No_Cross,Variance_Plugin,Variance_IPW,Variance_Debiased,Variance_Debiased_No_Cross,MSE_Plugin,MSE_IPW,MSE_Debiased,MSE_Debiased_No_Cross,Coverage_Probability,Coverage_Probability_No_Cross
20,200,100,0.7729858160018921,50,0.0023419313255218645,0.06760199865846801,0.003351327568369513,0.006537231697597564,0.00402150848643709,0.04178995353932105,0.00537468184062517,0.003924245376340426,0.004026993128770551,0.04635998376194055,0.005385913237095683,0.003966980774608501,0.92,0.92
