n,d,K,sparsity,Bias_Plugin,Bias_IPW,Bias_Debiased,Variance_Plugin,Variance_IPW,Variance_Debiased,MSE_Plugin,MSE_IPW,MSE_Debiased,Coverage_Probability
10,200,100,30,0.004681093263333583,0.003110549734431815,0.022822416669112187,0.019097576151490648,0.050617568424490715,0.03412237305051005,0.019119488785630672,0.05062724394414109,0.03464323575312863,0.94
