n,d,K,alpha,sparsity,Bias_Plugin,Bias_IPW,Bias_IPW_No_Cross,Bias_Debiased,Bias_Debiased_No_Cross,Variance_Plugin,Variance_IPW,Variance_IPW_No_Cross,Variance_Debiased,Variance_Debiased_No_Cross,MSE_Plugin,MSE_IPW,MSE_IPW_No_Cross,MSE_Debiased,MSE_Debiased_No_Cross,Coverage_Probability,Coverage_Probability_No_Cross
100,50,30,0.3089386224746704,45,0.04048189347117928,0.2983426314368427,-0.01797521239791232,0.05935006229311873,0.0019869907780894302,0.41003234087763407,20.132634004965162,0.4379581497193679,2.667289989445296,0.23826928882187157,0.41167112457664595,20.221642330697815,0.43828125798011797,2.670812419339494,0.23827323695422378,0.19,0.18
