n,d,K,alpha,sparsity,Bias_Plugin,Bias_IPW,Bias_IPW_No_Cross,Bias_Debiased,Bias_Debiased_No_Cross,Bias_Debiased_Single_Fold,Variance_Plugin,Variance_IPW,Variance_IPW_No_Cross,Variance_Debiased,Variance_Debiased_No_Cross,Variance_Debiased_Single_Fold,MSE_Plugin,MSE_IPW,MSE_IPW_No_Cross,MSE_Debiased,MSE_Debiased_No_Cross,MSE_Debiased_Single_Fold,Coverage_Probability,Coverage_Probability_No_Cross,Coverage_Probability_Single_Fold
200,200,100,0.20166337490081787,190,-0.11821782805352779,-0.25949241712625554,-0.07567043118214455,-0.15504462895429813,-0.08183974330424848,-0.15670626825346284,1.1012885548780431,66.84840817967337,1.1460138222945595,2.7048948310962686,1.0586918863841306,2.7566896801669984,1.1152640097477364,66.91574449421938,1.1517398364498512,2.7289336680638443,1.0653896299682357,2.781246534676925,0.09,0.06,0.09
