n,d,K,alpha,sparsity,Bias_Plugin,Bias_IPW,Bias_Debiased,Bias_Debiased_No_Cross,Variance_Plugin,Variance_IPW,Variance_Debiased,Variance_Debiased_No_Cross,MSE_Plugin,MSE_IPW,MSE_Debiased,MSE_Debiased_No_Cross,Coverage_Probability,Coverage_Probability_No_Cross
4,200,100,0.662580132484436,75,-0.01824112336366044,0.6416056277402992,-0.0094285561948432,-0.0011230483329224606,0.038365730310739636,0.0003417598255310892,0.02932771997116569,0.006818981560905434,0.03869846889230792,0.41199954137355443,0.029416617643084998,0.006820242798463511,0.25,0.59
