n,d,K,alpha,sparsity,Bias_Plugin,Bias_IPW,Bias_Debiased,Bias_Debiased_No_Cross,Variance_Plugin,Variance_IPW,Variance_Debiased,Variance_Debiased_No_Cross,MSE_Plugin,MSE_IPW,MSE_Debiased,MSE_Debiased_No_Cross,Coverage_Probability,Coverage_Probability_No_Cross
10,200,100,0.953795313835144,25,-0.0001951771632186028,-0.01167978068038985,-0.0032619027493358617,0.010395223077002585,0.0031990967510417347,0.05489487024807786,0.004505946300538968,0.010004440702733621,0.0031991348451667775,0.05503128752481987,0.004516586310085093,0.010112501365554267,0.95,0.96
