n,d,K,alpha,sparsity,Bias_Plugin,Bias_IPW,Bias_Debiased,Bias_Debiased_No_Cross,Variance_Plugin,Variance_IPW,Variance_Debiased,Variance_Debiased_No_Cross,MSE_Plugin,MSE_IPW,MSE_Debiased,MSE_Debiased_No_Cross,Coverage_Probability,Coverage_Probability_No_Cross
500,200,100,0.7729858160018921,50,-0.0013528077037707586,-0.031181231756769883,-0.0029075761547630342,75.07969103027398,0.0001831095506128682,0.031023489126988157,0.0002257658504641752,299295.3210036846,0.00018493963929624969,0.03199575834085756,0.0002342198495599218,304932.281008886,0.93,0.72
