n,d,K,alpha,sparsity,Bias_Plugin,Bias_IPW,Bias_Debiased,Bias_Debiased_No_Cross,Variance_Plugin,Variance_IPW,Variance_Debiased,Variance_Debiased_No_Cross,MSE_Plugin,MSE_IPW,MSE_Debiased,MSE_Debiased_No_Cross,Coverage_Probability,Coverage_Probability_No_Cross
4,200,100,0.40689289569854736,150,-0.01827320510582931,1.0040460751245326,-0.021460545166705702,-0.010973148372040895,0.014001844920252028,0.0002581883272012524,0.010198880892865027,0.003608530891052544,0.014335754945091737,1.0083667093001798,0.01065943589171724,0.0037289408762473664,0.28,0.56
