n,d,K,sparsity,Bias_Plugin,Bias_IPW,Bias_Debiased,Variance_Plugin,Variance_IPW,Variance_Debiased,MSE_Plugin,MSE_IPW,MSE_Debiased,Coverage_Probability
50,200,100,50,0.0024333512576395055,0.01971757048331798,0.0006166441734889516,0.0004792185725443134,0.04294826429653813,0.0005596796414204934,0.00048513977088736923,0.04333704688230273,0.0005600598914571912,0.94
