n,d,K,alpha,sparsity,Bias_Plugin,Bias_IPW,Bias_Debiased,Bias_Debiased_No_Cross,Variance_Plugin,Variance_IPW,Variance_Debiased,Variance_Debiased_No_Cross,MSE_Plugin,MSE_IPW,MSE_Debiased,MSE_Debiased_No_Cross,Coverage_Probability,Coverage_Probability_No_Cross
500,200,100,0.0,200,-0.3220321530708316,0.7614643716582886,-0.3301013569637072,-0.05639469565380997,0.010300802985307356,98.39178782372569,8.124997459446124e-05,0.024470105353634527,0.11400551059674285,98.97161581303064,0.10904815584387528,0.027650467051520376,0.01,0.77
