n,d,K,alpha,sparsity,Bias_Plugin,Bias_IPW,Bias_IPW_No_Cross,Bias_Debiased,Bias_Debiased_No_Cross,Bias_Debiased_Single_Fold,Variance_Plugin,Variance_IPW,Variance_IPW_No_Cross,Variance_Debiased,Variance_Debiased_No_Cross,Variance_Debiased_Single_Fold,MSE_Plugin,MSE_IPW,MSE_IPW_No_Cross,MSE_Debiased,MSE_Debiased_No_Cross,MSE_Debiased_Single_Fold,Coverage_Probability,Coverage_Probability_No_Cross,Coverage_Probability_Single_Fold
100,200,100,0.20166337490081787,190,0.03084475072923828,0.9590383190140358,0.05910721403128191,0.030301461497371243,0.05998408431565881,0.02606117629732081,1.1591678044708742,47.21252731286265,1.0931946715421579,1.5868323689977972,1.1350688737804182,1.6089739777461824,1.1601192031184229,48.13228181019992,1.0966883342926976,1.5877505475666738,1.1386669641516065,1.6096531626561825,0.06,0.14,0.11
