n,d,K,sparsity,Bias_Plugin,Bias_IPW,Bias_Debiased,Variance_Plugin,Variance_IPW,Variance_Debiased,MSE_Plugin,MSE_IPW,MSE_Debiased,Coverage_Probability
50,200,100,75,-0.002469208081835874,0.014456549890050631,0.004708994573486353,0.0007232615950075742,0.01818887362675166,0.0010423156389326401,0.0007293585835589777,0.018397865461475184,0.0010644902688257641,0.93
