n,d,K,alpha,sparsity,Bias_Plugin,Bias_IPW,Bias_IPW_No_Cross,Bias_Debiased,Bias_Debiased_No_Cross,Bias_Debiased_Single_Fold,Variance_Plugin,Variance_IPW,Variance_IPW_No_Cross,Variance_Debiased,Variance_Debiased_No_Cross,Variance_Debiased_Single_Fold,MSE_Plugin,MSE_IPW,MSE_IPW_No_Cross,MSE_Debiased,MSE_Debiased_No_Cross,MSE_Debiased_Single_Fold,Coverage_Probability,Coverage_Probability_No_Cross,Coverage_Probability_Single_Fold
50,200,100,0.953795313835144,25,-0.0013342258945570175,-0.06694081088743145,0.012303966828857739,-0.0033832604343728844,0.0022233750254047487,0.002236913526319552,0.00259660731656439,0.35922546237141517,0.01975894554014698,0.007016329417827951,0.0017941245556336416,0.013514823485889206,0.002598387475302097,0.3637065345336819,0.019910333139872612,0.007027775868994746,0.0017990679521372353,0.013519827268013436,0.96,0.95,0.92
