n,d,K,alpha,sparsity,Bias_Plugin,Bias_IPW,Bias_IPW_No_Cross,Bias_Debiased,Bias_Debiased_No_Cross,Bias_Debiased_Single_Fold,Variance_Plugin,Variance_IPW,Variance_IPW_No_Cross,Variance_Debiased,Variance_Debiased_No_Cross,Variance_Debiased_Single_Fold,MSE_Plugin,MSE_IPW,MSE_IPW_No_Cross,MSE_Debiased,MSE_Debiased_No_Cross,MSE_Debiased_Single_Fold,Coverage_Probability,Coverage_Probability_No_Cross,Coverage_Probability_Single_Fold
4,200,100,0.953795313835144,25,0.0036834149123991734,0.02940714351712266,0.031152176338260097,0.0031191985103689365,0.002919740325988556,0.0040243534055487635,0.008203236424883352,0.49933080621981163,0.6622996107772242,0.004170089803127391,0.00963724867492216,0.005291252344153998,0.008216803970300236,0.5001955863096482,0.6632700688678342,0.004179819202474479,0.009645773558493366,0.005307447764486751,0.668,0.544,0.778
