n,d,K,alpha,sparsity,Bias_Plugin,Bias_IPW,Bias_IPW_No_Cross,Bias_Debiased,Bias_Debiased_No_Cross,Bias_Debiased_Single_Fold,Variance_Plugin,Variance_IPW,Variance_IPW_No_Cross,Variance_Debiased,Variance_Debiased_No_Cross,Variance_Debiased_Single_Fold,MSE_Plugin,MSE_IPW,MSE_IPW_No_Cross,MSE_Debiased,MSE_Debiased_No_Cross,MSE_Debiased_Single_Fold,Coverage_Probability,Coverage_Probability_No_Cross,Coverage_Probability_Single_Fold
10,200,100,0.30024945735931396,175,0.025588200935281406,0.056925359987829,0.04531999837297113,0.02735084164798815,0.028500756133094895,0.028019124836317875,0.21829564381930322,0.6865020936573686,0.6460130737609379,0.2239388041811283,0.23554428059592986,0.22870953750409037,0.21895039984640757,0.6897425902671124,0.648066976013464,0.22468687271998156,0.236356573696088,0.2294946088606835,0.08,0.33,0.11
