n,d,K,alpha,sparsity,Bias_Plugin,Bias_IPW,Bias_IPW_No_Cross,Bias_Debiased,Bias_Debiased_No_Cross,Bias_Debiased_Single_Fold,Variance_Plugin,Variance_IPW,Variance_IPW_No_Cross,Variance_Debiased,Variance_Debiased_No_Cross,Variance_Debiased_Single_Fold,MSE_Plugin,MSE_IPW,MSE_IPW_No_Cross,MSE_Debiased,MSE_Debiased_No_Cross,MSE_Debiased_Single_Fold,Coverage_Probability,Coverage_Probability_No_Cross,Coverage_Probability_Single_Fold
4,200,100,0.5742889642715454,100,0.00715935105732804,0.021230348692105768,-0.06927665359325123,0.01454519395490158,0.00444256937728809,0.008415275235829158,0.009363025453920992,0.11920721939253447,0.7527152879709945,0.010001309352980565,0.011323619279145143,0.014973617645641675,0.009414281761483057,0.11965794709812284,0.7575145427040738,0.010212872020166271,0.011343355701817161,0.01504443450293644,0.85,0.58,0.93
