n,d,K,alpha,sparsity,Bias_Plugin,Bias_IPW,Bias_IPW_No_Cross,Bias_Debiased,Bias_Debiased_No_Cross,Bias_Debiased_Single_Fold,Variance_Plugin,Variance_IPW,Variance_IPW_No_Cross,Variance_Debiased,Variance_Debiased_No_Cross,Variance_Debiased_Single_Fold,MSE_Plugin,MSE_IPW,MSE_IPW_No_Cross,MSE_Debiased,MSE_Debiased_No_Cross,MSE_Debiased_Single_Fold,Coverage_Probability,Coverage_Probability_No_Cross,Coverage_Probability_Single_Fold
4,200,100,0.662580132484436,75,0.004795487055247272,-0.05330004440162536,-0.06308312184175012,0.0033976825089083967,0.0027472107062964427,0.002170967907743925,0.006637580132894738,0.5826563328294112,0.7912200277908076,0.003660240280387449,0.016349986879057973,0.004278790692523117,0.006660576828991783,0.5854972275626265,0.7951995080521087,0.003671784526818791,0.016357534045722762,0.004283503794179571,0.676,0.518,0.796
