n,d,K,alpha,sparsity,Bias_Plugin,Bias_IPW,Bias_Debiased,Bias_Debiased_No_Cross,Variance_Plugin,Variance_IPW,Variance_Debiased,Variance_Debiased_No_Cross,MSE_Plugin,MSE_IPW,MSE_Debiased,MSE_Debiased_No_Cross,Coverage_Probability,Coverage_Probability_No_Cross
100,200,100,0.662580132484436,75,0.012828674303384293,11.300798928787582,-0.7656250848459593,-647.2343280866003,0.010213332818086857,12118.945761366422,58.59000920471902,317379663.7645723,0.010377907702469172,12246.653817795312,59.176190975264426,317798576.04002595,0.89,0.69
