n,d,K,alpha,sparsity,Bias_Plugin,Bias_IPW,Bias_IPW_No_Cross,Bias_Debiased,Bias_Debiased_No_Cross,Bias_Debiased_Single_Fold,Variance_Plugin,Variance_IPW,Variance_IPW_No_Cross,Variance_Debiased,Variance_Debiased_No_Cross,Variance_Debiased_Single_Fold,MSE_Plugin,MSE_IPW,MSE_IPW_No_Cross,MSE_Debiased,MSE_Debiased_No_Cross,MSE_Debiased_Single_Fold,Coverage_Probability,Coverage_Probability_No_Cross,Coverage_Probability_Single_Fold
4,200,100,0.953795313835144,25,0.0009710496582063674,0.01588385642785877,0.030917611128544145,0.0030509959255224455,0.005278414105722072,-1.5873074060857916e-05,0.006883211409695002,0.12868497825990627,0.6430976776217673,0.006984279595748569,0.010566014102191289,0.013549043905158126,0.006884154347133705,0.12893727515492712,0.6440535762996632,0.006993588171886123,0.010593875757662775,0.013549044157112607,0.952,0.53,0.95
