n,d,K,alpha,sparsity,Bias_Plugin,Bias_IPW,Bias_IPW_No_Cross,Bias_Debiased,Bias_Debiased_No_Cross,Bias_Debiased_Single_Fold,Variance_Plugin,Variance_IPW,Variance_IPW_No_Cross,Variance_Debiased,Variance_Debiased_No_Cross,Variance_Debiased_Single_Fold,MSE_Plugin,MSE_IPW,MSE_IPW_No_Cross,MSE_Debiased,MSE_Debiased_No_Cross,MSE_Debiased_Single_Fold,Coverage_Probability,Coverage_Probability_No_Cross,Coverage_Probability_Single_Fold
10,200,100,0.0,200,0.24510530761271287,-1.37016380404659,0.3224389559911633,0.2288024230041404,0.21486904613480917,0.23219602452707136,29.981197284562757,471.8796513293733,55.616936195768766,29.58280417341806,32.66747054172309,29.555441223891567,30.04127389638268,473.7570001792927,55.72090307610944,29.635154722190627,32.71363924870998,29.60935621769774,0.015,0.09,0.02
