n,d,K,alpha,sparsity,Bias_Plugin,Bias_IPW,Bias_IPW_No_Cross,Bias_Debiased,Bias_Debiased_No_Cross,Bias_Debiased_Single_Fold,Variance_Plugin,Variance_IPW,Variance_IPW_No_Cross,Variance_Debiased,Variance_Debiased_No_Cross,Variance_Debiased_Single_Fold,MSE_Plugin,MSE_IPW,MSE_IPW_No_Cross,MSE_Debiased,MSE_Debiased_No_Cross,MSE_Debiased_Single_Fold,Coverage_Probability,Coverage_Probability_No_Cross,Coverage_Probability_Single_Fold
100,200,100,0.662580132484436,75,-0.0020972029013901798,-0.0659084778981938,0.00017793850676071061,0.005213987074534981,0.0017778933167774574,0.010034337802773442,0.0017111940727707368,1.119758086340314,0.009112654671642387,0.04236220568796226,0.0014793241763441855,0.062425066205713975,0.001715592332780336,1.1241020137991706,0.009112686333754574,0.04238939134917567,0.0014824850809900276,0.06252575414085412,0.73,0.845,0.835
