n,d,K,sparsity,Bias_Plugin,Bias_IPW,Bias_Debiased,Variance_Plugin,Variance_IPW,Variance_Debiased,MSE_Plugin,MSE_IPW,MSE_Debiased,Coverage_Probability
30,200,100,75,0.0007542688502179262,-0.03369348749443384,0.0010756259698272853,0.0029115450080189256,0.056038422515817164,0.0012196821881623964,0.0029121139295173342,0.05717367361535475,0.0012208391593893635,0.94
