n,d,K,alpha,sparsity,Bias_Plugin,Bias_IPW,Bias_Debiased,Bias_Debiased_No_Cross,Variance_Plugin,Variance_IPW,Variance_Debiased,Variance_Debiased_No_Cross,MSE_Plugin,MSE_IPW,MSE_Debiased,MSE_Debiased_No_Cross,Coverage_Probability,Coverage_Probability_No_Cross
30,200,100,0.30024945735931396,175,-0.035337258543370505,0.0903294330653313,-0.029513961996727664,-0.022671848107301038,0.003692160634409472,0.2524740218496184,0.012680476029952118,0.0031566909264486107,0.0049408824757704835,0.2606334283275226,0.013551549982696405,0.0036707036230491418,0.67,0.92
