n,d,K,alpha,sparsity,Bias_Plugin,Bias_IPW,Bias_IPW_No_Cross,Bias_Debiased,Bias_Debiased_No_Cross,Bias_Debiased_Single_Fold,Variance_Plugin,Variance_IPW,Variance_IPW_No_Cross,Variance_Debiased,Variance_Debiased_No_Cross,Variance_Debiased_Single_Fold,MSE_Plugin,MSE_IPW,MSE_IPW_No_Cross,MSE_Debiased,MSE_Debiased_No_Cross,MSE_Debiased_Single_Fold,Coverage_Probability,Coverage_Probability_No_Cross,Coverage_Probability_Single_Fold
50,200,100,0.40689289569854736,150,0.018628044513237352,0.04357145011232614,-0.004337704463380849,-0.0063619953063199855,0.008628543985587012,-0.010790319169361164,0.10683990210198752,1.940555555923858,0.08311047547880297,0.07181788383747244,0.043958792537693615,0.0988254430624223,0.10718690614437466,1.9424540271887494,0.08312929115881461,0.0718583588217501,0.04403324430900483,0.098941874050199,0.275,0.4,0.34
