n,d,K,alpha,sparsity,Bias_Plugin,Bias_IPW,Bias_Debiased,Bias_Debiased_No_Cross,Variance_Plugin,Variance_IPW,Variance_Debiased,Variance_Debiased_No_Cross,MSE_Plugin,MSE_IPW,MSE_Debiased,MSE_Debiased_No_Cross,Coverage_Probability,Coverage_Probability_No_Cross
500,200,100,0.30024945735931396,175,-0.037436408736168963,-0.026425276928106037,-0.038492928039062714,-75.21199871300288,9.996146299701413e-05,0.07819601277012296,0.00010663072093718536,151371.8941851433,0.001501446162058522,0.07889430803085004,0.0015883362299576452,157028.73893554803,0.01,0.43
