n,d,K,alpha,sparsity,Bias_Plugin,Bias_IPW,Bias_Debiased,Bias_Debiased_No_Cross,Variance_Plugin,Variance_IPW,Variance_Debiased,Variance_Debiased_No_Cross,MSE_Plugin,MSE_IPW,MSE_Debiased,MSE_Debiased_No_Cross,Coverage_Probability,Coverage_Probability_No_Cross
500,200,100,0.49258530139923096,125,-0.0067545321587852425,-0.02346386647354759,-0.13564212150856567,-0.004203282861995652,0.0015521592992299457,0.15515867337554853,2.7626206659110952,3.104920697069101e-05,0.0015977830039140097,0.15570922640543702,2.7810194510384396,4.871679378863737e-05,0.83,0.87
