n,d,K,alpha,sparsity,Bias_Plugin,Bias_IPW,Bias_Debiased,Bias_Debiased_No_Cross,Variance_Plugin,Variance_IPW,Variance_Debiased,Variance_Debiased_No_Cross,MSE_Plugin,MSE_IPW,MSE_Debiased,MSE_Debiased_No_Cross,Coverage_Probability,Coverage_Probability_No_Cross
4,200,100,0.49258530139923096,125,0.012983135067916771,0.8786603360578431,0.009499795208412279,-0.0038814019366505315,0.011344767456183569,0.00022617007706304018,0.008614049185227339,0.003379753439266423,0.011513329252375335,0.772270156238345,0.008704295294229114,0.003394818720260258,0.24,0.53
