n,d,K,alpha,sparsity,Bias_Plugin,Bias_IPW,Bias_IPW_No_Cross,Bias_Debiased,Bias_Debiased_No_Cross,Bias_Debiased_Single_Fold,Variance_Plugin,Variance_IPW,Variance_IPW_No_Cross,Variance_Debiased,Variance_Debiased_No_Cross,Variance_Debiased_Single_Fold,MSE_Plugin,MSE_IPW,MSE_IPW_No_Cross,MSE_Debiased,MSE_Debiased_No_Cross,MSE_Debiased_Single_Fold,Coverage_Probability,Coverage_Probability_No_Cross,Coverage_Probability_Single_Fold
100,200,100,0.20166337490081787,190,-0.019456915421117008,-0.40564988637105537,8.006034838255794e-05,0.025567457695543507,-0.027210855257459407,0.019707439872076064,1.2003250743344975,68.61200671611999,1.2989466267037681,1.7875411318379224,1.1492515601191868,1.7753136495842632,1.2007036458922022,68.77655854643284,1.2989466331134272,1.788194826730936,1.1499919907630294,1.7757020327705744,0.085,0.115,0.115
