n,d,K,alpha,sparsity,Bias_Plugin,Bias_IPW,Bias_IPW_No_Cross,Bias_Debiased,Bias_Debiased_No_Cross,Bias_Debiased_Single_Fold,Variance_Plugin,Variance_IPW,Variance_IPW_No_Cross,Variance_Debiased,Variance_Debiased_No_Cross,Variance_Debiased_Single_Fold,MSE_Plugin,MSE_IPW,MSE_IPW_No_Cross,MSE_Debiased,MSE_Debiased_No_Cross,MSE_Debiased_Single_Fold,Coverage_Probability,Coverage_Probability_No_Cross,Coverage_Probability_Single_Fold
200,200,100,1.2249547243118286,10,0.001463217435762518,-0.032621991819756266,0.001637440145998723,0.003137937238837629,-0.0008822983547947922,0.005548473254063513,0.0008167299022450059,0.08516665555721194,0.003736284645397978,0.0012491291193408693,0.00045289892267017895,0.002584209105504121,0.0008188709075093255,0.08623084990750017,0.0037389658556297068,0.0012589757694557535,0.0004536773730570526,0.0026149946609551793,0.945,0.97,0.945
