n,d,K,alpha,sparsity,Bias_Plugin,Bias_IPW,Bias_Debiased,Bias_Debiased_No_Cross,Variance_Plugin,Variance_IPW,Variance_Debiased,Variance_Debiased_No_Cross,MSE_Plugin,MSE_IPW,MSE_Debiased,MSE_Debiased_No_Cross,Coverage_Probability,Coverage_Probability_No_Cross
100,200,100,0.953795313835144,25,-0.0011593979450150332,-0.019799779321851386,-0.017295146999940808,0.001995972852352653,0.0034022550227405996,0.03148776773129225,0.013477010718369622,0.0010679602421664748,0.003403599226335505,0.03187979899248627,0.013776132828119183,0.0010719441497938035,0.94,0.96
