n,d,K,alpha,sparsity,Bias_Plugin,Bias_IPW,Bias_IPW_No_Cross,Bias_Debiased,Bias_Debiased_No_Cross,Bias_Debiased_Single_Fold,Variance_Plugin,Variance_IPW,Variance_IPW_No_Cross,Variance_Debiased,Variance_Debiased_No_Cross,Variance_Debiased_Single_Fold,MSE_Plugin,MSE_IPW,MSE_IPW_No_Cross,MSE_Debiased,MSE_Debiased_No_Cross,MSE_Debiased_Single_Fold,Coverage_Probability,Coverage_Probability_No_Cross,Coverage_Probability_Single_Fold
50,200,100,0.7729858160018921,50,0.0003687120266191507,-0.017674461173162726,0.0024707534912831075,0.008150438578182378,0.004019292420217713,0.028032919514045736,0.00533768073674629,0.19416379996988745,0.01692816208972648,0.005017099404528293,0.001431773346610632,0.027043374007251417,0.0053378166853048645,0.19447618654764906,0.016934266712541165,0.005083529053545017,0.0014479280581698518,0.027829218583732374,0.91,0.95,0.92
