n,d,K,alpha,sparsity,Bias_Plugin,Bias_IPW,Bias_IPW_No_Cross,Bias_Debiased,Bias_Debiased_No_Cross,Bias_Debiased_Single_Fold,Variance_Plugin,Variance_IPW,Variance_IPW_No_Cross,Variance_Debiased,Variance_Debiased_No_Cross,Variance_Debiased_Single_Fold,MSE_Plugin,MSE_IPW,MSE_IPW_No_Cross,MSE_Debiased,MSE_Debiased_No_Cross,MSE_Debiased_Single_Fold,Coverage_Probability,Coverage_Probability_No_Cross,Coverage_Probability_Single_Fold
10,200,100,1.2249547243118286,10,0.0029180012718288905,-0.013301917953982284,0.015705829933131302,-0.005604748765620107,-0.0029953455274537035,-0.0018420530626461218,0.003596962572082967,0.1433511800743641,0.0955233471952256,0.003176295128497727,0.0044836263439205545,0.006790523026328222,0.003605477303505361,0.1435281210956186,0.09577002028911405,0.0032077083372234467,0.004492598438749391,0.006793916185813827,0.945,0.965,0.95
