n,d,K,alpha,sparsity,Bias_Plugin,Bias_IPW,Bias_Debiased,Bias_Debiased_No_Cross,Variance_Plugin,Variance_IPW,Variance_Debiased,Variance_Debiased_No_Cross,MSE_Plugin,MSE_IPW,MSE_Debiased,MSE_Debiased_No_Cross,Coverage_Probability,Coverage_Probability_No_Cross
500,200,100,0.20166337490081787,190,-0.10291176569553555,-0.08800954268802448,-0.09883957560162626,-23.73289845147397,0.0018669130311258118,0.7313211512870968,0.00023173341006785088,55451.89994138662,0.012457744549698615,0.7390668308912519,0.010000995115177437,56015.15041029459,0.02,0.3
