n,d,K,alpha,sparsity,Bias_Plugin,Bias_IPW,Bias_Debiased,Bias_Debiased_No_Cross,Variance_Plugin,Variance_IPW,Variance_Debiased,Variance_Debiased_No_Cross,MSE_Plugin,MSE_IPW,MSE_Debiased,MSE_Debiased_No_Cross,Coverage_Probability,Coverage_Probability_No_Cross
50,200,100,0.49258530139923096,125,-0.00011817346031276931,0.06420093988120854,-0.002524069799467321,-0.0038332967047075895,0.0004079627827829884,0.3010987031070686,0.0004468189213942323,0.00042012649566386075,0.0004079767477497107,0.3052204637886991,0.0004531898497468153,0.0004348206592901829,0.93,0.91
