n,d,K,alpha,sparsity,Bias_Plugin,Bias_IPW,Bias_Debiased,Bias_Debiased_No_Cross,Variance_Plugin,Variance_IPW,Variance_Debiased,Variance_Debiased_No_Cross,MSE_Plugin,MSE_IPW,MSE_Debiased,MSE_Debiased_No_Cross,Coverage_Probability,Coverage_Probability_No_Cross
4,200,100,0.20166337490081787,190,-0.16738113774105748,0.6045672081782172,-0.11605059242044181,-0.031652635731947175,0.1533720245143625,0.027652570011379857,0.08209953838500991,0.02342644472123709,0.18138846978585335,0.39315407921578377,0.0955672783861454,0.024428334070016437,0.41,0.82
