n,d,K,alpha,sparsity,Bias_Plugin,Bias_IPW,Bias_Debiased,Bias_Debiased_No_Cross,Variance_Plugin,Variance_IPW,Variance_Debiased,Variance_Debiased_No_Cross,MSE_Plugin,MSE_IPW,MSE_Debiased,MSE_Debiased_No_Cross,Coverage_Probability,Coverage_Probability_No_Cross
4,200,100,0.953795313835144,25,0.005925994373125585,0.40750397827391105,-0.002157133127643905,0.00850605365225212,0.05004126733475621,0.0029271920623327547,0.03196988698867612,0.015765838037882014,0.05007638474406652,0.16898668437139694,0.03197454021200649,0.015838190986617005,0.28,0.56
