n,d,K,alpha,sparsity,Bias_Plugin,Bias_IPW,Bias_Debiased,Bias_Debiased_No_Cross,Variance_Plugin,Variance_IPW,Variance_Debiased,Variance_Debiased_No_Cross,MSE_Plugin,MSE_IPW,MSE_Debiased,MSE_Debiased_No_Cross,Coverage_Probability,Coverage_Probability_No_Cross
100,200,100,0.40689289569854736,150,-0.014513054681814295,0.30290684506432186,-0.0012659903092987546,-262.70160901251717,0.0005162077699991698,3.9807523113857592,0.009652322085678799,38589225.2843889,0.0007268365261965014,4.0725048681725795,0.009653924817142041,38658237.419766665,0.87,0.77
