n,d,K,alpha,sparsity,Bias_Plugin,Bias_IPW,Bias_Debiased,Bias_Debiased_No_Cross,Variance_Plugin,Variance_IPW,Variance_Debiased,Variance_Debiased_No_Cross,MSE_Plugin,MSE_IPW,MSE_Debiased,MSE_Debiased_No_Cross,Coverage_Probability,Coverage_Probability_No_Cross
10,200,100,0.5742889642715454,100,0.0014668140117250783,0.032510599024429106,-0.0030910279273823004,-732579.1893957504,0.001573996648723919,0.04873485085049079,0.0030792630655507892,339503911824695.4,0.0015761481920689125,0.04979178989941801,0.003088817519198646,340040584093431.06,0.94,0.12
