n,d,K,alpha,sparsity,Bias_Plugin,Bias_IPW,Bias_IPW_No_Cross,Bias_Debiased,Bias_Debiased_No_Cross,Bias_Debiased_Single_Fold,Variance_Plugin,Variance_IPW,Variance_IPW_No_Cross,Variance_Debiased,Variance_Debiased_No_Cross,Variance_Debiased_Single_Fold,MSE_Plugin,MSE_IPW,MSE_IPW_No_Cross,MSE_Debiased,MSE_Debiased_No_Cross,MSE_Debiased_Single_Fold,Coverage_Probability,Coverage_Probability_No_Cross,Coverage_Probability_Single_Fold
100,200,100,0.0,200,0.23020013906572498,-0.35292342544139926,-0.024004931203674147,0.1882816560710561,0.058156735321857875,0.19845758329480254,31.277454181541767,57.72921723236554,47.795560028938965,31.526586110323525,34.463323978128464,31.76441585752274,31.330446285567643,57.85377217659083,47.796136265661055,31.562036092336385,34.46670618399176,31.80380126988995,0.06,0.055,0.06
