n,d,K,alpha,sparsity,Bias_Plugin,Bias_IPW,Bias_IPW_No_Cross,Bias_Debiased,Bias_Debiased_No_Cross,Bias_Debiased_Single_Fold,Variance_Plugin,Variance_IPW,Variance_IPW_No_Cross,Variance_Debiased,Variance_Debiased_No_Cross,Variance_Debiased_Single_Fold,MSE_Plugin,MSE_IPW,MSE_IPW_No_Cross,MSE_Debiased,MSE_Debiased_No_Cross,MSE_Debiased_Single_Fold,Coverage_Probability,Coverage_Probability_No_Cross,Coverage_Probability_Single_Fold
100,200,100,0.953795313835144,25,0.0011449673453819951,0.06182606484586112,0.0027651420540298842,-0.0057207467414411494,0.0016395020924762456,-0.0029144494481479133,0.0017615317519635507,0.11370626722328364,0.005689969081401996,0.005165786321177851,0.0007717521182493755,0.005497688938937733,0.0017628427021855416,0.11752872951760826,0.005697615091980962,0.00519851326445756,0.0007744400853606097,0.005506182954523543,0.93,0.94,0.96
