n,d,K,alpha,sparsity,Bias_Plugin,Bias_IPW,Bias_Debiased,Bias_Debiased_No_Cross,Variance_Plugin,Variance_IPW,Variance_Debiased,Variance_Debiased_No_Cross,MSE_Plugin,MSE_IPW,MSE_Debiased,MSE_Debiased_No_Cross,Coverage_Probability,Coverage_Probability_No_Cross
30,200,100,0.20166337490081787,190,-0.10031967468418804,0.13341335373686164,-0.06107253280298358,-369888.01683318545,0.005625399716575568,23.88491483043449,0.08605760132751503,2587541928810.833,0.015689436845316884,23.902713953389817,0.08978745559048651,2724359073807.6196,0.11,0.61
