n,d,K,alpha,sparsity,Bias_Plugin,Bias_IPW,Bias_IPW_No_Cross,Bias_Debiased,Bias_Debiased_No_Cross,Bias_Debiased_Single_Fold,Variance_Plugin,Variance_IPW,Variance_IPW_No_Cross,Variance_Debiased,Variance_Debiased_No_Cross,Variance_Debiased_Single_Fold,MSE_Plugin,MSE_IPW,MSE_IPW_No_Cross,MSE_Debiased,MSE_Debiased_No_Cross,MSE_Debiased_Single_Fold,Coverage_Probability,Coverage_Probability_No_Cross,Coverage_Probability_Single_Fold
100,200,100,0.7729858160018921,50,-0.0022094548303323858,0.009214029887430853,0.003725414565781972,-0.0004936943333074323,0.003745392351435872,0.004258600428875578,0.0016966416244704233,0.14163350946763884,0.006912885206334655,0.0035241114241099975,0.0009922351426873439,0.004703516415606521,0.001701523315117702,0.14171840781440528,0.006926763920021594,0.0035243551582047374,0.0010062631065535382,0.004721652093219342,0.945,0.92,0.95
