n,d,K,sparsity,Bias_Plugin,Bias_IPW,Bias_Debiased,Variance_Plugin,Variance_IPW,Variance_Debiased,MSE_Plugin,MSE_IPW,MSE_Debiased,Coverage_Probability
100,200,100,30,-0.003323375110369781,-0.002178076737397124,-0.004557067524477877,0.0065319681401449226,0.04145198600178133,0.002387822053264463,0.006543012962269148,0.04145673002005532,0.002408588917687114,0.91
