n,d,K,alpha,sparsity,Bias_Plugin,Bias_IPW,Bias_Debiased,Bias_Debiased_No_Cross,Variance_Plugin,Variance_IPW,Variance_Debiased,Variance_Debiased_No_Cross,MSE_Plugin,MSE_IPW,MSE_Debiased,MSE_Debiased_No_Cross,Coverage_Probability,Coverage_Probability_No_Cross
20,200,100,0.20166337490081787,190,-0.08147346916322121,-0.10556832339465934,-0.11398748300486075,-1722399.744188941,0.013457816432790681,0.5435062005669699,0.09895964496039195,48160836701133.6,0.02009574261028104,0.5546508714713292,0.11195279124217535,51127497579915.72,0.13,0.4
