n,d,K,alpha,sparsity,Bias_Plugin,Bias_IPW,Bias_Debiased,Bias_Debiased_No_Cross,Variance_Plugin,Variance_IPW,Variance_Debiased,Variance_Debiased_No_Cross,MSE_Plugin,MSE_IPW,MSE_Debiased,MSE_Debiased_No_Cross,Coverage_Probability,Coverage_Probability_No_Cross
30,200,100,0.0,200,-0.12782993300622816,-0.9275349955944314,-0.5165326950863578,-0.03856420627508255,0.3828982239002689,74.842281514773,0.8285850049370823,0.08490005054277125,0.3992387156726458,75.70260268282536,1.0953910300302583,0.08638724854839834,0.07,0.93
