n,d,K,alpha,sparsity,Bias_Plugin,Bias_IPW,Bias_IPW_No_Cross,Bias_Debiased,Bias_Debiased_No_Cross,Bias_Debiased_Single_Fold,Variance_Plugin,Variance_IPW,Variance_IPW_No_Cross,Variance_Debiased,Variance_Debiased_No_Cross,Variance_Debiased_Single_Fold,MSE_Plugin,MSE_IPW,MSE_IPW_No_Cross,MSE_Debiased,MSE_Debiased_No_Cross,MSE_Debiased_Single_Fold,Coverage_Probability,Coverage_Probability_No_Cross,Coverage_Probability_Single_Fold
10,200,100,0.662580132484436,75,0.000637478551280197,-0.014388008277703243,-0.019019894819494464,0.0012351520896457437,0.001850312577916176,0.005491874951107165,0.002718698137867144,0.14009137533505023,0.1335189634813344,0.002664165009261266,0.006338703611805143,0.004864624308036083,0.002719104516770486,0.14029839011724948,0.13388071988027905,0.0026656906099458222,0.006342127268441138,0.004894784998514682,0.91,0.94,0.95
