n,d,K,alpha,sparsity,Bias_Plugin,Bias_IPW,Bias_IPW_No_Cross,Bias_Debiased,Bias_Debiased_No_Cross,Bias_Debiased_Single_Fold,Variance_Plugin,Variance_IPW,Variance_IPW_No_Cross,Variance_Debiased,Variance_Debiased_No_Cross,Variance_Debiased_Single_Fold,MSE_Plugin,MSE_IPW,MSE_IPW_No_Cross,MSE_Debiased,MSE_Debiased_No_Cross,MSE_Debiased_Single_Fold,Coverage_Probability,Coverage_Probability_No_Cross,Coverage_Probability_Single_Fold
4,200,100,0.20166337490081787,190,0.14585403366203042,0.16240647223454777,0.4772377569709645,0.15161366636977913,0.15755706787515675,0.1301362925606463,0.9978800691509265,9.66326929900954,6.113965487973633,0.9394442393390032,1.1733035737442286,0.9236026215843279,1.0191534682864112,9.689645161233212,6.341721364652312,0.96243094316909,1.1981278033816454,0.9405380762257584,0.09,0.09,0.17
