n,d,K,alpha,sparsity,Bias_Plugin,Bias_IPW,Bias_IPW_No_Cross,Bias_Debiased,Bias_Debiased_No_Cross,Bias_Debiased_Single_Fold,Variance_Plugin,Variance_IPW,Variance_IPW_No_Cross,Variance_Debiased,Variance_Debiased_No_Cross,Variance_Debiased_Single_Fold,MSE_Plugin,MSE_IPW,MSE_IPW_No_Cross,MSE_Debiased,MSE_Debiased_No_Cross,MSE_Debiased_Single_Fold,Coverage_Probability,Coverage_Probability_No_Cross,Coverage_Probability_Single_Fold
2,200,100,0.662580132484436,75,-0.010832981365096299,0.008586387887402517,0.008983246016974304,-0.011277844938653199,0.003192127104010885,-0.012674865245913065,0.012639229153395494,0.11548505527009556,0.7479975033585059,0.010195982980462785,0.01627049544097949,0.024031697968035,0.012756582638652019,0.11555878132704848,0.7480782020675072,0.01032317276692309,0.016280685116427645,0.024192350177037057,0.99,0.53,0.97
