n,d,K,sparsity,Bias_Plugin,Bias_IPW,Bias_Debiased,Variance_Plugin,Variance_IPW,Variance_Debiased,MSE_Plugin,MSE_IPW,MSE_Debiased,Coverage_Probability
500,200,100,75,0.0004913013256967658,0.028453407639037184,0.00070763025686298,7.086500463117827e-05,0.045436687946183635,0.00010958297151792868,7.110638162380967e-05,0.04624628435245684,0.00011008371209835665,0.95
