n,d,K,alpha,sparsity,Bias_Plugin,Bias_IPW,Bias_IPW_No_Cross,Bias_Debiased,Bias_Debiased_No_Cross,Bias_Debiased_Single_Fold,Variance_Plugin,Variance_IPW,Variance_IPW_No_Cross,Variance_Debiased,Variance_Debiased_No_Cross,Variance_Debiased_Single_Fold,MSE_Plugin,MSE_IPW,MSE_IPW_No_Cross,MSE_Debiased,MSE_Debiased_No_Cross,MSE_Debiased_Single_Fold,Coverage_Probability,Coverage_Probability_No_Cross,Coverage_Probability_Single_Fold
10,200,100,0.49258530139923096,125,0.010614187309380064,-0.010653196270748127,-0.0099047489495973,0.0027229944805099555,0.011427338571717842,-0.00012442213642613025,0.012537289705805603,0.12023778844337354,0.1859165956065259,0.012166870309160159,0.017329056877435862,0.014083825230082154,0.012649950678044208,0.12035127903415663,0.1860146996582805,0.01217428500810105,0.017459640944268533,0.014083840710950186,0.6,0.655,0.73
