n,d,K,alpha,sparsity,Bias_Plugin,Bias_IPW,Bias_Debiased,Bias_Debiased_No_Cross,Variance_Plugin,Variance_IPW,Variance_Debiased,Variance_Debiased_No_Cross,MSE_Plugin,MSE_IPW,MSE_Debiased,MSE_Debiased_No_Cross,Coverage_Probability,Coverage_Probability_No_Cross
50,200,100,0.49258530139923096,125,7.362979296131945e-05,2.0858351381155913,-0.29210999324578285,5495.699128308907,0.00041050731023635565,408.47408716862503,8.788204549743302,2021737275.8607156,0.00041051273158276727,412.82479539202285,8.873532797897356,2051939984.7696116,0.97,0.74
