n,d,K,alpha,sparsity,Bias_Plugin,Bias_IPW,Bias_Debiased,Bias_Debiased_No_Cross,Variance_Plugin,Variance_IPW,Variance_Debiased,Variance_Debiased_No_Cross,MSE_Plugin,MSE_IPW,MSE_Debiased,MSE_Debiased_No_Cross,Coverage_Probability,Coverage_Probability_No_Cross
10,200,100,0.5742889642715454,100,0.0050593083855299086,0.13380272983045885,-0.009566397121323105,0.004934509694704931,0.002342773225007916,0.7964064403798858,0.004223034224566266,0.0034593873469409824,0.002368369826347809,0.8143096108899692,0.004314550178449124,0.0034837367328681202,0.93,0.88
