n,d,K,alpha,sparsity,Bias_Plugin,Bias_IPW,Bias_IPW_No_Cross,Bias_Debiased,Bias_Debiased_No_Cross,Bias_Debiased_Single_Fold,Variance_Plugin,Variance_IPW,Variance_IPW_No_Cross,Variance_Debiased,Variance_Debiased_No_Cross,Variance_Debiased_Single_Fold,MSE_Plugin,MSE_IPW,MSE_IPW_No_Cross,MSE_Debiased,MSE_Debiased_No_Cross,MSE_Debiased_Single_Fold,Coverage_Probability,Coverage_Probability_No_Cross,Coverage_Probability_Single_Fold
200,200,100,0.953795313835144,25,0.000495216552085658,-0.009741636919060217,-0.0026872304372594826,0.0022813820950662277,0.0005523364390551,-0.0021055713772293876,0.0019791443748240736,0.014400952276628352,0.0032907443267281345,0.0011592512449291584,0.00047275698516862204,0.002546315460243018,0.001979389614257533,0.01449585176649115,0.0032979655341510684,0.0011644559491928474,0.00047306206071053014,0.0025507488910676258,0.97,0.92,0.97
