n,d,K,alpha,sparsity,Bias_Plugin,Bias_IPW,Bias_IPW_No_Cross,Bias_Debiased,Bias_Debiased_No_Cross,Bias_Debiased_Single_Fold,Variance_Plugin,Variance_IPW,Variance_IPW_No_Cross,Variance_Debiased,Variance_Debiased_No_Cross,Variance_Debiased_Single_Fold,MSE_Plugin,MSE_IPW,MSE_IPW_No_Cross,MSE_Debiased,MSE_Debiased_No_Cross,MSE_Debiased_Single_Fold,Coverage_Probability,Coverage_Probability_No_Cross,Coverage_Probability_Single_Fold
50,200,100,1.2249547243118286,10,0.002777545348360598,0.024054762599775067,-0.0006623866416457333,0.01149550044444307,-0.00402374422762879,0.018339134146140322,0.0027486247049602125,0.09154127352850702,0.014101412688190451,0.009808976980450234,0.0015972483171083937,0.01450144188544667,0.002756339463122412,0.09211990513223857,0.01410185144425348,0.009941123510918424,0.00161343883471777,0.014837765726676794,0.95,0.98,0.9
