n,d,K,alpha,sparsity,Bias_Plugin,Bias_IPW,Bias_Debiased,Bias_Debiased_No_Cross,Variance_Plugin,Variance_IPW,Variance_Debiased,Variance_Debiased_No_Cross,MSE_Plugin,MSE_IPW,MSE_Debiased,MSE_Debiased_No_Cross,Coverage_Probability,Coverage_Probability_No_Cross
500,200,100,0.5742889642715454,100,-0.0032875219535578514,-0.02286140165849523,0.41347413426394397,-0.004360799212068392,0.008606659505040646,0.3124705321522893,15.933242661524057,6.126976904364054e-05,0.008617467305635767,0.3129931758380803,16.10420352122938,8.028633881161683e-05,0.8,0.88
