n,d,K,alpha,sparsity,Bias_Plugin,Bias_IPW,Bias_IPW_No_Cross,Bias_Debiased,Bias_Debiased_No_Cross,Bias_Debiased_Single_Fold,Variance_Plugin,Variance_IPW,Variance_IPW_No_Cross,Variance_Debiased,Variance_Debiased_No_Cross,Variance_Debiased_Single_Fold,MSE_Plugin,MSE_IPW,MSE_IPW_No_Cross,MSE_Debiased,MSE_Debiased_No_Cross,MSE_Debiased_Single_Fold,Coverage_Probability,Coverage_Probability_No_Cross,Coverage_Probability_Single_Fold
200,200,100,0.49258530139923096,125,-0.008094485873206249,-0.08076202494228339,-0.005371735817717823,-0.02267718897885044,-0.0033350103058089092,-0.025297934805673775,0.027240484730670103,0.6128594529842897,0.01600392844618801,0.052331554384218236,0.009546150119963197,0.0511878924122027,0.02730600543222164,0.6193819576570677,0.016032783991883362,0.05284580928420073,0.009557272413703048,0.05182787791763484,0.32,0.385,0.43
