n,d,K,alpha,sparsity,Bias_Plugin,Bias_IPW,Bias_IPW_No_Cross,Bias_Debiased,Bias_Debiased_No_Cross,Bias_Debiased_Single_Fold,Variance_Plugin,Variance_IPW,Variance_IPW_No_Cross,Variance_Debiased,Variance_Debiased_No_Cross,Variance_Debiased_Single_Fold,MSE_Plugin,MSE_IPW,MSE_IPW_No_Cross,MSE_Debiased,MSE_Debiased_No_Cross,MSE_Debiased_Single_Fold,Coverage_Probability,Coverage_Probability_No_Cross,Coverage_Probability_Single_Fold
50,200,100,0.20166337490081787,190,-0.030107553591480225,-0.37225380542959985,0.039101173837640016,-0.1248930367960614,-0.04777766108739172,-0.1375934559088476,0.9673104023956991,15.529132824743586,1.0753829321961863,1.858032242885022,1.0142145760715349,1.8994175236800732,0.9682168671789632,15.667705720400399,1.0769118339916677,1.873630513525164,1.0164972809705162,1.9183494827890133,0.05,0.12,0.05
