n,d,K,sparsity,Bias_Plugin,Bias_IPW,Bias_Debiased,Variance_Plugin,Variance_IPW,Variance_Debiased,MSE_Plugin,MSE_IPW,MSE_Debiased,Coverage_Probability
30,200,100,50,0.0007060547780832226,0.016913424709338747,0.017502364217034883,0.003711993200480968,0.044224369882476446,0.031164992950107776,0.003712491713830622,0.04451043381787492,0.03147132570329351,0.97
