n,d,K,sparsity,Bias_Plugin,Bias_IPW,Bias_Debiased,Variance_Plugin,Variance_IPW,Variance_Debiased,MSE_Plugin,MSE_IPW,MSE_Debiased,Coverage_Probability
50,200,100,30,0.00774066697943285,-0.011869705335178025,0.01021869027988241,0.004108484966638469,0.04341162245161284,0.006326324932216132,0.0041684028919249504,0.04355251235635678,0.006430746563252297,0.95
