n,d,K,alpha,sparsity,Bias_Plugin,Bias_IPW,Bias_IPW_No_Cross,Bias_Debiased,Bias_Debiased_No_Cross,Bias_Debiased_Single_Fold,Variance_Plugin,Variance_IPW,Variance_IPW_No_Cross,Variance_Debiased,Variance_Debiased_No_Cross,Variance_Debiased_Single_Fold,MSE_Plugin,MSE_IPW,MSE_IPW_No_Cross,MSE_Debiased,MSE_Debiased_No_Cross,MSE_Debiased_Single_Fold,Coverage_Probability,Coverage_Probability_No_Cross,Coverage_Probability_Single_Fold
200,200,100,0.7729858160018921,50,-0.0023369962601338316,-0.014346836017525993,0.006128692523381253,0.004159527876145538,0.0013694334966689473,0.007667322355417001,0.0034602955563092304,0.014579822325656031,0.004145604282127362,0.0034488643565552066,0.0005387555211928348,0.0048983294720730585,0.00346575710782911,0.014785654029369813,0.004183165154173512,0.003466166028707639,0.0005406308692946337,0.0049571173041749374,0.96,0.93,0.935
