n,d,K,alpha,sparsity,Bias_Plugin,Bias_IPW,Bias_Debiased,Bias_Debiased_No_Cross,Variance_Plugin,Variance_IPW,Variance_Debiased,Variance_Debiased_No_Cross,MSE_Plugin,MSE_IPW,MSE_Debiased,MSE_Debiased_No_Cross,Coverage_Probability,Coverage_Probability_No_Cross
100,200,100,0.30024945735931396,175,-0.03419508465881816,-0.04809842352729123,-0.04226851814075918,-0.025130300947213326,0.0008091045918520849,0.14591651696823618,0.0025390686004000077,0.0008171256623515888,0.0019784084066758255,0.14822997531404686,0.004325696226215697,0.0014486576880490998,0.21,0.89
