n,d,K,alpha,sparsity,Bias_Plugin,Bias_IPW,Bias_Debiased,Bias_Debiased_No_Cross,Variance_Plugin,Variance_IPW,Variance_Debiased,Variance_Debiased_No_Cross,MSE_Plugin,MSE_IPW,MSE_Debiased,MSE_Debiased_No_Cross,Coverage_Probability,Coverage_Probability_No_Cross
500,200,100,0.662580132484436,75,0.006135698039446046,-0.03770309239531302,-0.010553375353655707,-0.0017892400184481272,0.0018009328250126388,0.1931552411480883,0.026145968272888686,9.607157767423697e-05,0.0018385796154439008,0.1945767643242579,0.026257342004243824,9.927295751785328e-05,0.87,0.91
