n,d,K,alpha,sparsity,Bias_Plugin,Bias_IPW,Bias_IPW_No_Cross,Bias_Debiased,Bias_Debiased_No_Cross,Bias_Debiased_Single_Fold,Variance_Plugin,Variance_IPW,Variance_IPW_No_Cross,Variance_Debiased,Variance_Debiased_No_Cross,Variance_Debiased_Single_Fold,MSE_Plugin,MSE_IPW,MSE_IPW_No_Cross,MSE_Debiased,MSE_Debiased_No_Cross,MSE_Debiased_Single_Fold,Coverage_Probability,Coverage_Probability_No_Cross,Coverage_Probability_Single_Fold
200,200,100,0.662580132484436,75,0.0006003273858583902,-0.00687652014013012,-0.007070120229976544,0.0038980409564976447,-0.0015751145705304032,0.01744241617957462,0.02567610926691561,0.022074621587147777,0.005094633701400359,0.01220809684434516,0.001380097383410858,0.04214887196053571,0.025676469659885823,0.022121908116385397,0.005144620301466682,0.012223291567643693,0.0013825783693211552,0.042453109842717184,0.77,0.75,0.86
