n,d,K,alpha,sparsity,Bias_Plugin,Bias_IPW,Bias_IPW_No_Cross,Bias_Debiased,Bias_Debiased_No_Cross,Variance_Plugin,Variance_IPW,Variance_IPW_No_Cross,Variance_Debiased,Variance_Debiased_No_Cross,MSE_Plugin,MSE_IPW,MSE_IPW_No_Cross,MSE_Debiased,MSE_Debiased_No_Cross,Coverage_Probability,Coverage_Probability_No_Cross
100,50,30,0.4261082410812378,40,0.010852231575251094,1.0563165303185373,0.018028026815696267,0.006269391635731663,-0.002021525349397959,0.16255719865224705,113.34331810567339,0.1609814975171665,0.6297832626858458,0.0667970281779246,0.16267496958240993,114.45912271789757,0.16130650726803394,0.6298225679573283,0.06680111474266287,0.23,0.22
