n,d,K,alpha,sparsity,Bias_Plugin,Bias_IPW,Bias_Debiased,Bias_Debiased_No_Cross,Variance_Plugin,Variance_IPW,Variance_Debiased,Variance_Debiased_No_Cross,MSE_Plugin,MSE_IPW,MSE_Debiased,MSE_Debiased_No_Cross,Coverage_Probability,Coverage_Probability_No_Cross
500,200,100,0.662580132484436,75,-0.00010775061426155696,-0.010410109291794723,0.0009966221902833227,16.98712938991508,6.416523541693549e-05,0.010640062703965216,7.407343381868064e-05,49464.144352164694,6.417684561180922e-05,0.010748433079432329,7.506668960884577e-05,49752.706917074414,0.94,0.8
