n,d,K,alpha,sparsity,Bias_Plugin,Bias_IPW,Bias_IPW_No_Cross,Bias_Debiased,Bias_Debiased_No_Cross,Variance_Plugin,Variance_IPW,Variance_IPW_No_Cross,Variance_Debiased,Variance_Debiased_No_Cross,MSE_Plugin,MSE_IPW,MSE_IPW_No_Cross,MSE_Debiased,MSE_Debiased_No_Cross,Coverage_Probability,Coverage_Probability_No_Cross
10,200,100,0.40689289569854736,150,0.030864294107889288,-0.13240523768852205,-0.2442728607608605,0.03889610289121233,0.03419337693767539,0.0023499526999643154,0.4378766013810987,0.01039681946718728,0.002135364571902515,0.0011590533804225291,0.0033025573507426053,0.4554077483484527,0.07006604997148197,0.003648271392026291,0.00232824040682448,0.87,0.88
