n,d,K,alpha,sparsity,Bias_Plugin,Bias_IPW,Bias_IPW_No_Cross,Bias_Debiased,Bias_Debiased_No_Cross,Bias_Debiased_Single_Fold,Variance_Plugin,Variance_IPW,Variance_IPW_No_Cross,Variance_Debiased,Variance_Debiased_No_Cross,Variance_Debiased_Single_Fold,MSE_Plugin,MSE_IPW,MSE_IPW_No_Cross,MSE_Debiased,MSE_Debiased_No_Cross,MSE_Debiased_Single_Fold,Coverage_Probability,Coverage_Probability_No_Cross,Coverage_Probability_Single_Fold
100,200,100,0.5742889642715454,100,-0.01370404040814023,0.04398165762196667,0.0215984889973586,0.008605389470884274,0.01306302246702057,0.012273004566920058,0.04146862462577284,0.10155159736786587,0.0160353908452762,0.0065188869580082645,0.005434123346206045,0.01458077731454576,0.04165642534928079,0.10348598357504171,0.016501885572245214,0.006592939685953872,0.005604765902179928,0.014731403955645405,0.55,0.65,0.65
