n,d,K,alpha,sparsity,Bias_Plugin,Bias_IPW,Bias_IPW_No_Cross,Bias_Debiased,Bias_Debiased_No_Cross,Variance_Plugin,Variance_IPW,Variance_IPW_No_Cross,Variance_Debiased,Variance_Debiased_No_Cross,MSE_Plugin,MSE_IPW,MSE_IPW_No_Cross,MSE_Debiased,MSE_Debiased_No_Cross,Coverage_Probability,Coverage_Probability_No_Cross
10,200,100,0.30024945735931396,175,0.10051379762889757,0.11015338763427616,-0.06746000149774865,0.09809423646163655,0.10420735739175627,0.002250154365184459,0.8432454309127683,0.02585279322079061,0.0020072543938443907,0.0018768622107330954,0.012353177878967439,0.8553791997200755,0.030403645022866858,0.011629733620835856,0.012736035545306309,0.47,0.31
