n,d,K,alpha,sparsity,Bias_Plugin,Bias_IPW,Bias_Debiased,Bias_Debiased_No_Cross,Variance_Plugin,Variance_IPW,Variance_Debiased,Variance_Debiased_No_Cross,MSE_Plugin,MSE_IPW,MSE_Debiased,MSE_Debiased_No_Cross,Coverage_Probability,Coverage_Probability_No_Cross
20,200,100,0.953795313835144,25,0.004683234090729003,0.0543267502801671,-0.001101854022838153,553959.3965655123,0.0022962406895294983,0.0753625248664853,0.003619580314685584,18608530640040.316,0.002318173371078065,0.07831392066248893,0.0036207943969732287,18915401653083.54,0.98,0.5
