n,d,K,alpha,sparsity,Bias_Plugin,Bias_IPW,Bias_Debiased,Bias_Debiased_No_Cross,Variance_Plugin,Variance_IPW,Variance_Debiased,Variance_Debiased_No_Cross,MSE_Plugin,MSE_IPW,MSE_Debiased,MSE_Debiased_No_Cross,Coverage_Probability,Coverage_Probability_No_Cross
10,200,100,0.662580132484436,75,0.001039009872285288,-0.02868782149595226,0.00454488680276708,0.004154630152214247,0.002378868559774734,0.12001704350523752,0.0035289301364633545,0.0033711272535575233,0.0023799481012894406,0.12084003460742117,0.003549586132513321,0.0033883882052592107,0.96,0.97
