n,d,K,sparsity,Bias_Plugin,Bias_IPW,Bias_Debiased,Variance_Plugin,Variance_IPW,Variance_Debiased,MSE_Plugin,MSE_IPW,MSE_Debiased,Coverage_Probability
500,200,100,10,-0.0015564971183756903,0.009465316203692594,-0.0019971409449996346,0.00011197039276180996,0.046839900453574855,0.00018142431218988532,0.00011439307604132175,0.04692949266441073,0.00018541288414407927,0.96
