n,d,K,alpha,sparsity,Bias_Plugin,Bias_IPW,Bias_IPW_No_Cross,Bias_Debiased,Bias_Debiased_No_Cross,Bias_Debiased_Single_Fold,Variance_Plugin,Variance_IPW,Variance_IPW_No_Cross,Variance_Debiased,Variance_Debiased_No_Cross,Variance_Debiased_Single_Fold,MSE_Plugin,MSE_IPW,MSE_IPW_No_Cross,MSE_Debiased,MSE_Debiased_No_Cross,MSE_Debiased_Single_Fold,Coverage_Probability,Coverage_Probability_No_Cross,Coverage_Probability_Single_Fold
10,200,100,0.30024945735931396,175,0.0560156553276355,0.2366851861217819,0.06620124297926912,0.05262443009505471,0.07714834475172087,0.045805138263158296,0.16310972205223384,1.3439042120409943,0.5708517229045039,0.17038287814431205,0.2210520709892962,0.17383433363091214,0.16624747569401827,1.399924089370497,0.575234327476504,0.17315220878714133,0.22700393808722655,0.1759324443222192,0.12,0.4,0.23
