n,d,K,alpha,sparsity,Bias_Plugin,Bias_IPW,Bias_IPW_No_Cross,Bias_Debiased,Bias_Debiased_No_Cross,Bias_Debiased_Single_Fold,Variance_Plugin,Variance_IPW,Variance_IPW_No_Cross,Variance_Debiased,Variance_Debiased_No_Cross,Variance_Debiased_Single_Fold,MSE_Plugin,MSE_IPW,MSE_IPW_No_Cross,MSE_Debiased,MSE_Debiased_No_Cross,MSE_Debiased_Single_Fold,Coverage_Probability,Coverage_Probability_No_Cross,Coverage_Probability_Single_Fold
200,200,100,1.2249547243118286,10,-0.0015266889467290192,0.014204660868652876,-0.003543166683104012,0.006724629902434659,-0.000901736254083049,0.003388251763509621,0.0009236110170967271,0.1272360384010244,0.003121509804607348,0.003215938346904706,0.0004357246526950403,0.0029001300920506136,0.0009259417962367912,0.12743781079141783,0.0031340638347516062,0.003261158994229425,0.0004365377809669681,0.0029116103420635388,0.95,0.95,0.97
