n,d,K,alpha,sparsity,Bias_Plugin,Bias_IPW,Bias_IPW_No_Cross,Bias_Debiased,Bias_Debiased_No_Cross,Bias_Debiased_Single_Fold,Variance_Plugin,Variance_IPW,Variance_IPW_No_Cross,Variance_Debiased,Variance_Debiased_No_Cross,Variance_Debiased_Single_Fold,MSE_Plugin,MSE_IPW,MSE_IPW_No_Cross,MSE_Debiased,MSE_Debiased_No_Cross,MSE_Debiased_Single_Fold,Coverage_Probability,Coverage_Probability_No_Cross,Coverage_Probability_Single_Fold
100,200,100,0.20166337490081787,190,-0.14905394417212695,-0.32189191430460845,-0.1990611869141191,-0.15193706787818365,-0.17264737073993544,-0.17527621421594244,1.223792155149152,2.070814798433345,1.1806324384084252,1.358462468706187,1.0400780232818516,1.3569583145569026,1.2460092334224193,2.1744292029280303,1.220257794544083,1.3815473413016068,1.0698851379052643,1.3876800658267756,0.05,0.085,0.08
