n,d,K,alpha,sparsity,Bias_Plugin,Bias_IPW,Bias_IPW_No_Cross,Bias_Debiased,Bias_Debiased_No_Cross,Bias_Debiased_Single_Fold,Variance_Plugin,Variance_IPW,Variance_IPW_No_Cross,Variance_Debiased,Variance_Debiased_No_Cross,Variance_Debiased_Single_Fold,MSE_Plugin,MSE_IPW,MSE_IPW_No_Cross,MSE_Debiased,MSE_Debiased_No_Cross,MSE_Debiased_Single_Fold,Coverage_Probability,Coverage_Probability_No_Cross,Coverage_Probability_Single_Fold
50,200,100,0.7729858160018921,50,0.0013812472404492934,-0.020385507939613575,-0.004976253778418644,0.0493605489200369,-0.0032407084229051724,0.044215081925082236,0.002926683440240916,0.026428974698087852,0.02046958550653013,0.3377540436792653,0.0018222890920625576,0.2904888486177811,0.002928591284180165,0.0268445436320439,0.020494348608197353,0.3401905074689527,0.001832791283144846,0.292443822087423,0.925,0.945,0.95
