n,d,K,alpha,sparsity,Bias_Plugin,Bias_IPW,Bias_IPW_No_Cross,Bias_Debiased,Bias_Debiased_No_Cross,Bias_Debiased_Single_Fold,Variance_Plugin,Variance_IPW,Variance_IPW_No_Cross,Variance_Debiased,Variance_Debiased_No_Cross,Variance_Debiased_Single_Fold,MSE_Plugin,MSE_IPW,MSE_IPW_No_Cross,MSE_Debiased,MSE_Debiased_No_Cross,MSE_Debiased_Single_Fold,Coverage_Probability,Coverage_Probability_No_Cross,Coverage_Probability_Single_Fold
2,200,100,0.7729858160018921,50,0.006515139523818261,-0.026425791026534286,-0.04461741981345189,0.005792653091798059,0.01622124416529974,-0.00457151201694003,0.011245570596421412,0.1425263605933846,0.659919161298507,0.007388549806570353,0.03181610150310494,0.012392464861325508,0.011288017639436234,0.14322468302476266,0.6619098754493169,0.007422104636412274,0.03207923026537521,0.01241336358344654,1.0,0.57,1.0
