n,d,K,alpha,sparsity,Bias_Plugin,Bias_IPW,Bias_IPW_No_Cross,Bias_Debiased,Bias_Debiased_No_Cross,Bias_Debiased_Single_Fold,Variance_Plugin,Variance_IPW,Variance_IPW_No_Cross,Variance_Debiased,Variance_Debiased_No_Cross,Variance_Debiased_Single_Fold,MSE_Plugin,MSE_IPW,MSE_IPW_No_Cross,MSE_Debiased,MSE_Debiased_No_Cross,MSE_Debiased_Single_Fold,Coverage_Probability,Coverage_Probability_No_Cross,Coverage_Probability_Single_Fold
2,200,100,0.5742889642715454,100,-0.02492690024027484,0.006068608961315779,-0.0359075217543151,-0.00989985474864802,-0.0199789544624201,-0.01551305877400908,0.015254273985842129,0.13623396612478766,0.9867626016520643,0.013000997312568876,0.030048375862416776,0.022229699483456485,0.01587562434143074,0.13627079413951304,0.9880519517706007,0.013099004436613205,0.030447534483828233,0.022470354475982345,0.94,0.51,0.95
