n,d,K,alpha,sparsity,Bias_Plugin,Bias_IPW,Bias_Debiased,Bias_Debiased_No_Cross,Variance_Plugin,Variance_IPW,Variance_Debiased,Variance_Debiased_No_Cross,MSE_Plugin,MSE_IPW,MSE_Debiased,MSE_Debiased_No_Cross,Coverage_Probability,Coverage_Probability_No_Cross
30,200,100,0.49258530139923096,125,1.897780425780815e-05,0.04470138667859995,0.024748161980035634,12374.390752618436,0.0006018631011063236,1.2865948209171478,0.07968918763893611,27935994428.310318,0.000601863461263378,1.2885930348881376,0.0803016591603262,28089119974.808807,0.95,0.71
