n,d,K,sparsity,Bias_Plugin,Bias_IPW,Bias_Debiased,Variance_Plugin,Variance_IPW,Variance_Debiased,MSE_Plugin,MSE_IPW,MSE_Debiased,Coverage_Probability
10,200,100,75,0.011177351603597039,-0.030402068287525327,0.02135408837952754,0.01092093116140499,0.06299747042509309,0.010600341616419172,0.01104586435027542,0.06392175618125244,0.011056338706939846,0.96
