n,d,K,alpha,sparsity,Bias_Plugin,Bias_IPW,Bias_IPW_No_Cross,Bias_Debiased,Bias_Debiased_No_Cross,Bias_Debiased_Single_Fold,Variance_Plugin,Variance_IPW,Variance_IPW_No_Cross,Variance_Debiased,Variance_Debiased_No_Cross,Variance_Debiased_Single_Fold,MSE_Plugin,MSE_IPW,MSE_IPW_No_Cross,MSE_Debiased,MSE_Debiased_No_Cross,MSE_Debiased_Single_Fold,Coverage_Probability,Coverage_Probability_No_Cross,Coverage_Probability_Single_Fold
100,200,100,0.662580132484436,75,0.0012986810308194534,-0.023050685229708254,0.00020495271872663702,0.0014223893478024635,0.0019101799511423456,-0.005159499299110224,0.01521024395915272,0.07083313262287248,0.007577857928439375,0.009364229887038656,0.0021813485002142433,0.0062461806380833705,0.015211930531572533,0.07136446671243159,0.007577899934056289,0.009366253078495401,0.002184997287659989,0.006272801071100889,0.825,0.835,0.87
