n,d,K,alpha,sparsity,Bias_Plugin,Bias_IPW,Bias_Debiased,Bias_Debiased_No_Cross,Variance_Plugin,Variance_IPW,Variance_Debiased,Variance_Debiased_No_Cross,MSE_Plugin,MSE_IPW,MSE_Debiased,MSE_Debiased_No_Cross,Coverage_Probability,Coverage_Probability_No_Cross
50,200,100,0.0,200,-0.32472281617797777,-0.21453395967924385,-0.3268475108924912,-308047.85168184707,0.00028171712746306675,12.801169209335367,0.00025163406732642426,833107304078.3629,0.1057266244740198,12.847194029191021,0.10708092944394357,928000783004.1642,0.0,0.72
