n,d,K,alpha,sparsity,Bias_Plugin,Bias_IPW,Bias_Debiased,Bias_Debiased_No_Cross,Variance_Plugin,Variance_IPW,Variance_Debiased,Variance_Debiased_No_Cross,MSE_Plugin,MSE_IPW,MSE_Debiased,MSE_Debiased_No_Cross,Coverage_Probability,Coverage_Probability_No_Cross
4,200,100,0.953795313835144,25,0.008108145538098596,-0.0013366374918030077,-0.002995188932469282,-30043905.22496796,0.00966304241764478,0.056064041586249454,0.028797169261149645,3.3778570099153466e+17,0.00972878444171177,0.05606582818603395,0.028806140417890827,3.386883372327015e+17,0.99,0.0
