n,d,K,alpha,sparsity,Bias_Plugin,Bias_IPW,Bias_IPW_No_Cross,Bias_Debiased,Bias_Debiased_No_Cross,Bias_Debiased_Single_Fold,Variance_Plugin,Variance_IPW,Variance_IPW_No_Cross,Variance_Debiased,Variance_Debiased_No_Cross,Variance_Debiased_Single_Fold,MSE_Plugin,MSE_IPW,MSE_IPW_No_Cross,MSE_Debiased,MSE_Debiased_No_Cross,MSE_Debiased_Single_Fold,Coverage_Probability,Coverage_Probability_No_Cross,Coverage_Probability_Single_Fold
50,200,100,0.20166337490081787,190,0.08075114670241983,0.8636130208997781,0.09064256106446866,0.04955488486941275,0.05399886402000119,0.04848338320882081,1.2528505105330807,88.2133423797442,1.5926691168325662,1.986160384344778,1.3673380051369528,1.97539677471855,1.2593712582268364,88.95916982961184,1.6008851907088921,1.9886160709591985,1.3702538824524035,1.9777474131659232,0.095,0.155,0.135
