n,d,K,alpha,sparsity,Bias_Plugin,Bias_IPW,Bias_IPW_No_Cross,Bias_Debiased,Bias_Debiased_No_Cross,Bias_Debiased_Single_Fold,Variance_Plugin,Variance_IPW,Variance_IPW_No_Cross,Variance_Debiased,Variance_Debiased_No_Cross,Variance_Debiased_Single_Fold,MSE_Plugin,MSE_IPW,MSE_IPW_No_Cross,MSE_Debiased,MSE_Debiased_No_Cross,MSE_Debiased_Single_Fold,Coverage_Probability,Coverage_Probability_No_Cross,Coverage_Probability_Single_Fold
10,200,100,1.2249547243118286,10,0.005422294231291627,0.020976333121903903,0.021388642120008017,-0.00106743343258342,0.004360822578243469,0.0013081128946116306,0.0029074405377639916,0.14452670993549824,0.11282187770754284,0.002991589169527346,0.006888299726302489,0.007236367727772634,0.0029368418124946904,0.1449667164867393,0.1132793517192806,0.0029927285836603436,0.006907316499861409,0.007238078887117685,0.965,0.93,0.955
