n,d,K,alpha,sparsity,Bias_Plugin,Bias_IPW,Bias_Debiased,Bias_Debiased_No_Cross,Variance_Plugin,Variance_IPW,Variance_Debiased,Variance_Debiased_No_Cross,MSE_Plugin,MSE_IPW,MSE_Debiased,MSE_Debiased_No_Cross,Coverage_Probability,Coverage_Probability_No_Cross
100,200,100,0.20166337490081787,190,-0.11577479718515064,1.4923877483071804,-4.791598612826412,-3307.8224241450243,0.04081027734885559,191.61036155505025,2185.5663391541307,4697270994.642494,0.05421408101211839,193.83758274634766,2208.5257564205695,4708212683.8321705,0.03,0.55
