n,d,K,alpha,sparsity,Bias_Plugin,Bias_IPW,Bias_Debiased,Bias_Debiased_No_Cross,Variance_Plugin,Variance_IPW,Variance_Debiased,Variance_Debiased_No_Cross,MSE_Plugin,MSE_IPW,MSE_Debiased,MSE_Debiased_No_Cross,Coverage_Probability,Coverage_Probability_No_Cross
20,200,100,0.953795313835144,25,0.009647425702412846,-0.008248958669588418,-0.0076625102261689455,0.004413565645713304,0.004621696929886021,0.14688726077220185,0.010204768476409064,0.005686629850215119,0.004714769752569598,0.14695530609133442,0.01026348253937521,0.00570610941192414,0.91,0.95
