n,d,K,alpha,sparsity,Bias_Plugin,Bias_IPW,Bias_IPW_No_Cross,Bias_Debiased,Bias_Debiased_No_Cross,Bias_Debiased_Single_Fold,Variance_Plugin,Variance_IPW,Variance_IPW_No_Cross,Variance_Debiased,Variance_Debiased_No_Cross,Variance_Debiased_Single_Fold,MSE_Plugin,MSE_IPW,MSE_IPW_No_Cross,MSE_Debiased,MSE_Debiased_No_Cross,MSE_Debiased_Single_Fold,Coverage_Probability,Coverage_Probability_No_Cross,Coverage_Probability_Single_Fold
50,200,100,0.5742889642715454,100,0.016815207976762555,0.003329682487354023,-0.0029737409788479006,-0.0033778822793599462,0.005318924932379661,-2.1354706080605746e-05,0.020851553352054738,0.04937713957397212,0.024821999334197112,0.008493521953419068,0.005330463193939436,0.007359402555226795,0.02113430457135652,0.04938822635943871,0.024830842469606394,0.008504932042112282,0.005358754156375726,0.007359403011250268,0.67,0.73,0.785
