n,d,K,alpha,sparsity,Bias_Plugin,Bias_IPW,Bias_Debiased,Bias_Debiased_No_Cross,Variance_Plugin,Variance_IPW,Variance_Debiased,Variance_Debiased_No_Cross,MSE_Plugin,MSE_IPW,MSE_Debiased,MSE_Debiased_No_Cross,Coverage_Probability,Coverage_Probability_No_Cross
10,200,100,0.662580132484436,75,0.010772904317822567,0.032164626224251563,0.0011809657745504277,-384861.98024795274,0.00492948614675578,0.03941016657954124,0.017427172630893634,679806147874797.0,0.005045541614196739,0.04044472975968705,0.017428567311054292,679954266618637.5,0.93,0.15
