n,d,K,alpha,sparsity,Bias_Plugin,Bias_IPW,Bias_IPW_No_Cross,Bias_Debiased,Bias_Debiased_No_Cross,Bias_Debiased_Single_Fold,Variance_Plugin,Variance_IPW,Variance_IPW_No_Cross,Variance_Debiased,Variance_Debiased_No_Cross,Variance_Debiased_Single_Fold,MSE_Plugin,MSE_IPW,MSE_IPW_No_Cross,MSE_Debiased,MSE_Debiased_No_Cross,MSE_Debiased_Single_Fold,Coverage_Probability,Coverage_Probability_No_Cross,Coverage_Probability_Single_Fold
50,200,100,0.20166337490081787,190,0.09777230027195545,0.06351295451369383,0.04466786960206196,0.06871331125234334,0.0857477677042945,0.07824876118392718,1.4883931320239048,1.5350836209337364,1.4801830267333276,1.4185879882626988,1.2712103519967235,1.421344117735556,1.4979525547243744,1.5391175163247954,1.482178245308114,1.4233095074059605,1.2785630316629932,1.4274669863623755,0.06,0.115,0.09
