n,d,K,alpha,sparsity,Bias_Plugin,Bias_IPW,Bias_Debiased,Bias_Debiased_No_Cross,Variance_Plugin,Variance_IPW,Variance_Debiased,Variance_Debiased_No_Cross,MSE_Plugin,MSE_IPW,MSE_Debiased,MSE_Debiased_No_Cross,Coverage_Probability,Coverage_Probability_No_Cross
500,200,100,0.49258530139923096,125,-0.002117251723835235,-0.021900828008587635,-0.002832589052759736,7.4555652340885175,6.722537022590941e-05,0.027323893092944296,6.90076765404461e-05,3679.072586545611,7.170812508799268e-05,0.02780353936040603,7.70312372822604e-05,3734.65803950536,0.92,0.84
