n,d,K,alpha,sparsity,Bias_Plugin,Bias_IPW,Bias_IPW_No_Cross,Bias_Debiased,Bias_Debiased_No_Cross,Bias_Debiased_Single_Fold,Variance_Plugin,Variance_IPW,Variance_IPW_No_Cross,Variance_Debiased,Variance_Debiased_No_Cross,Variance_Debiased_Single_Fold,MSE_Plugin,MSE_IPW,MSE_IPW_No_Cross,MSE_Debiased,MSE_Debiased_No_Cross,MSE_Debiased_Single_Fold,Coverage_Probability,Coverage_Probability_No_Cross,Coverage_Probability_Single_Fold
50,200,100,0.662580132484436,75,-0.0052243532552847995,0.02616762346327626,0.004618517596258973,-0.0009541929805580773,-0.0006675256111925167,0.005916219876422666,0.0035624340357004116,0.06270744383631896,0.01767941967321501,0.003334236653889572,0.0031367608295664985,0.004515678277808679,0.003589727902636416,0.06339218835403478,0.01770075037800196,0.003335147138133718,0.003137206420008096,0.004550679935434857,0.86,0.845,0.9
