n,d,K,alpha,sparsity,Bias_Plugin,Bias_IPW,Bias_IPW_No_Cross,Bias_Debiased,Bias_Debiased_No_Cross,Bias_Debiased_Single_Fold,Variance_Plugin,Variance_IPW,Variance_IPW_No_Cross,Variance_Debiased,Variance_Debiased_No_Cross,Variance_Debiased_Single_Fold,MSE_Plugin,MSE_IPW,MSE_IPW_No_Cross,MSE_Debiased,MSE_Debiased_No_Cross,MSE_Debiased_Single_Fold,Coverage_Probability,Coverage_Probability_No_Cross,Coverage_Probability_Single_Fold
4,200,100,0.7729858160018921,50,0.005342264877822657,-0.0004754652465610487,0.0321372962447203,0.0033604635741927495,0.0020037384756747263,-0.005165732425659456,0.005510267800155019,0.11826803319465372,0.6225366693566682,0.005800394461316007,0.011948902827594652,0.011722635937399221,0.005538807594179835,0.11826825926185441,0.6235694751665891,0.005811687176749483,0.01195291779547355,0.01174932072889273,0.954,0.508,0.964
