n,d,K,alpha,sparsity,Bias_Plugin,Bias_IPW,Bias_IPW_No_Cross,Bias_Debiased,Bias_Debiased_No_Cross,Bias_Debiased_Single_Fold,Variance_Plugin,Variance_IPW,Variance_IPW_No_Cross,Variance_Debiased,Variance_Debiased_No_Cross,Variance_Debiased_Single_Fold,MSE_Plugin,MSE_IPW,MSE_IPW_No_Cross,MSE_Debiased,MSE_Debiased_No_Cross,MSE_Debiased_Single_Fold,Coverage_Probability,Coverage_Probability_No_Cross,Coverage_Probability_Single_Fold
100,200,100,0.662580132484436,75,0.00395796830007001,-0.03041545043876549,0.005225898174960933,-0.00043421644484435126,0.001621235390949505,-0.006780291283634405,0.00267459732504815,0.3502680945944453,0.00703156246075426,0.006888854491770169,0.002212904064758392,0.004155403679286034,0.0026902628381125088,0.3511931942198384,0.007058872472489319,0.006889043035691143,0.0022155324689512586,0.004201376029176962,0.78,0.84,0.86
