n,d,K,alpha,sparsity,Bias_Plugin,Bias_IPW,Bias_IPW_No_Cross,Bias_Debiased,Bias_Debiased_No_Cross,Bias_Debiased_Single_Fold,Variance_Plugin,Variance_IPW,Variance_IPW_No_Cross,Variance_Debiased,Variance_Debiased_No_Cross,Variance_Debiased_Single_Fold,MSE_Plugin,MSE_IPW,MSE_IPW_No_Cross,MSE_Debiased,MSE_Debiased_No_Cross,MSE_Debiased_Single_Fold,Coverage_Probability,Coverage_Probability_No_Cross,Coverage_Probability_Single_Fold
50,200,100,0.5742889642715454,100,0.006074650333435532,0.02452921686416972,-0.028683481980980884,0.00667631097056464,0.002181892919434317,0.002735502333665473,0.004666928712058459,0.13321499972464168,0.020688760767406344,0.003893363161162723,0.005061802082226957,0.004136701552216485,0.004703830088731968,0.13381668220461118,0.02151150290595959,0.003937936289338404,0.005066562738938835,0.004144184525233975,0.65,0.78,0.71
