n,d,K,alpha,sparsity,Bias_Plugin,Bias_IPW,Bias_IPW_No_Cross,Bias_Debiased,Bias_Debiased_No_Cross,Bias_Debiased_Single_Fold,Variance_Plugin,Variance_IPW,Variance_IPW_No_Cross,Variance_Debiased,Variance_Debiased_No_Cross,Variance_Debiased_Single_Fold,MSE_Plugin,MSE_IPW,MSE_IPW_No_Cross,MSE_Debiased,MSE_Debiased_No_Cross,MSE_Debiased_Single_Fold,Coverage_Probability,Coverage_Probability_No_Cross,Coverage_Probability_Single_Fold
10,200,100,0.5742889642715454,100,0.011311242638749764,0.004627753536827057,-0.05441466790752436,0.007731726663395028,0.00014401784815438578,0.0020333334487586995,0.004111351728313985,0.1418382940465672,0.13876061475747575,0.0036156822284773493,0.006897001374569389,0.005441576468456198,0.004239295938346656,0.14185971014936483,0.14172157084096193,0.0036754618256748034,0.006897022115709977,0.005445710913370038,0.9,0.86,0.91
