n,d,K,alpha,sparsity,Bias_Plugin,Bias_IPW,Bias_Debiased,Bias_Debiased_No_Cross,Variance_Plugin,Variance_IPW,Variance_Debiased,Variance_Debiased_No_Cross,MSE_Plugin,MSE_IPW,MSE_Debiased,MSE_Debiased_No_Cross,Coverage_Probability,Coverage_Probability_No_Cross
50,200,100,0.40689289569854736,150,-0.008625702047542398,0.027746062287975694,-0.011777433449327681,-4001.8040153556635,0.0003852111747520258,0.30566417981310423,0.0006060409496711235,1918045476.470266,0.0004596139105650028,0.30643402378559254,0.0007447488883244661,1934059911.8475828,0.9,0.73
