n,d,K,alpha,sparsity,Bias_Plugin,Bias_IPW,Bias_Debiased,Bias_Debiased_No_Cross,Variance_Plugin,Variance_IPW,Variance_Debiased,Variance_Debiased_No_Cross,MSE_Plugin,MSE_IPW,MSE_Debiased,MSE_Debiased_No_Cross,Coverage_Probability,Coverage_Probability_No_Cross
30,200,100,0.40689289569854736,150,-0.009317467310250254,2.7623675868026947,-0.009041179126657362,-8422.062513330562,0.0005901220217520222,938.2602479778766,0.01776344426330615,43785005375.59214,0.0006769372188296042,945.8909226624945,0.017845187183306452,43855936512.57058,0.92,0.68
