n,d,K,alpha,sparsity,Bias_Plugin,Bias_IPW,Bias_IPW_No_Cross,Bias_Debiased,Bias_Debiased_No_Cross,Bias_Debiased_Single_Fold,Variance_Plugin,Variance_IPW,Variance_IPW_No_Cross,Variance_Debiased,Variance_Debiased_No_Cross,Variance_Debiased_Single_Fold,MSE_Plugin,MSE_IPW,MSE_IPW_No_Cross,MSE_Debiased,MSE_Debiased_No_Cross,MSE_Debiased_Single_Fold,Coverage_Probability,Coverage_Probability_No_Cross,Coverage_Probability_Single_Fold
4,200,100,0.662580132484436,75,0.009821493919189506,0.03587257673349324,0.09579285125905615,0.005475597840464156,0.016654185141888565,0.0034441075383185183,0.007108271401416597,0.12912415172537137,0.5815616802624405,0.006496014066690643,0.010618416111371962,0.012613820551956985,0.0072047331442212734,0.13041099348687174,0.5907379506147802,0.006525996238401138,0.010895777994112264,0.012625682428692489,0.92,0.59,0.94
