n,d,K,alpha,sparsity,Bias_Plugin,Bias_IPW,Bias_IPW_No_Cross,Bias_Debiased,Bias_Debiased_No_Cross,Bias_Debiased_Single_Fold,Variance_Plugin,Variance_IPW,Variance_IPW_No_Cross,Variance_Debiased,Variance_Debiased_No_Cross,Variance_Debiased_Single_Fold,MSE_Plugin,MSE_IPW,MSE_IPW_No_Cross,MSE_Debiased,MSE_Debiased_No_Cross,MSE_Debiased_Single_Fold,Coverage_Probability,Coverage_Probability_No_Cross,Coverage_Probability_Single_Fold
200,200,100,0.5742889642715454,100,-0.005319409166355873,0.03448415362434355,-0.0028982575189181337,-0.01605048009306648,-0.0012799482806413463,-0.014441686251751107,0.005943131074292991,0.32340439395963516,0.007522431711759654,0.025279156944342067,0.0034465740225665354,0.021537319444149477,0.0059714271881721025,0.3245935508108224,0.007530831608405619,0.025536774855559993,0.0034482122901676525,0.021745881745943496,0.505,0.49,0.61
