n,d,K,alpha,sparsity,Bias_Plugin,Bias_IPW,Bias_IPW_No_Cross,Bias_Debiased,Bias_Debiased_No_Cross,Bias_Debiased_Single_Fold,Variance_Plugin,Variance_IPW,Variance_IPW_No_Cross,Variance_Debiased,Variance_Debiased_No_Cross,Variance_Debiased_Single_Fold,MSE_Plugin,MSE_IPW,MSE_IPW_No_Cross,MSE_Debiased,MSE_Debiased_No_Cross,MSE_Debiased_Single_Fold,Coverage_Probability,Coverage_Probability_No_Cross,Coverage_Probability_Single_Fold
50,200,100,0.5742889642715454,100,-0.00877289986952187,0.07835880011204088,-0.0006268571563827741,0.014069800563905601,-0.0026558155548150587,0.019613884337060163,0.018638219948451565,0.2936390343144759,0.023063634521386208,0.0328495931422234,0.005200662195414114,0.05701201855369194,0.01871518372057222,0.29977913586947463,0.02306402747128072,0.03304755243013148,0.005207715551675314,0.05739672301247953,0.695,0.75,0.755
