n,d,K,alpha,sparsity,Bias_Plugin,Bias_IPW,Bias_Debiased,Bias_Debiased_No_Cross,Variance_Plugin,Variance_IPW,Variance_Debiased,Variance_Debiased_No_Cross,MSE_Plugin,MSE_IPW,MSE_Debiased,MSE_Debiased_No_Cross,Coverage_Probability,Coverage_Probability_No_Cross
100,200,100,0.7729858160018921,50,-0.00044346831035496306,0.027153637653662233,0.00010198959980982858,0.0032490842624809425,0.002012139790623468,0.05966288106212854,0.016675626048241677,0.0008412395963913476,0.0020123364547657576,0.06040020109995492,0.016675636450120147,0.0008517961449360488,0.91,0.94
