n,d,K,alpha,sparsity,Bias_Plugin,Bias_IPW,Bias_IPW_No_Cross,Bias_Debiased,Bias_Debiased_No_Cross,Bias_Debiased_Single_Fold,Variance_Plugin,Variance_IPW,Variance_IPW_No_Cross,Variance_Debiased,Variance_Debiased_No_Cross,Variance_Debiased_Single_Fold,MSE_Plugin,MSE_IPW,MSE_IPW_No_Cross,MSE_Debiased,MSE_Debiased_No_Cross,MSE_Debiased_Single_Fold,Coverage_Probability,Coverage_Probability_No_Cross,Coverage_Probability_Single_Fold
100,200,100,0.7729858160018921,50,0.01513563159068916,0.009575036787120952,0.005144856037029929,0.014888151615754354,0.004118475709438019,0.011937641779764032,0.017280707643131988,0.13142894778299438,0.008714089348968355,0.023633064181083806,0.0009119054301705316,0.02582944818014206,0.01750979498678106,0.1315206291124691,0.008740558892610117,0.023854721239617488,0.0009288672723397627,0.02597195547140403,0.94,0.91,0.93
