n,d,K,alpha,sparsity,Bias_Plugin,Bias_IPW,Bias_Debiased,Bias_Debiased_No_Cross,Variance_Plugin,Variance_IPW,Variance_Debiased,Variance_Debiased_No_Cross,MSE_Plugin,MSE_IPW,MSE_Debiased,MSE_Debiased_No_Cross,Coverage_Probability,Coverage_Probability_No_Cross
10,200,100,0.40689289569854736,150,-0.016375453914552144,0.07337105906887878,-0.006215714953296932,-0.007876878469130634,0.0016377618633178095,0.08886179924518156,0.0018526583309618628,0.0011980265281883596,0.0019059173542254307,0.09424511155407046,0.0018912934433425019,0.0012600717426058134,0.93,0.96
