n,d,K,alpha,sparsity,Bias_Plugin,Bias_IPW,Bias_IPW_No_Cross,Bias_Debiased,Bias_Debiased_No_Cross,Variance_Plugin,Variance_IPW,Variance_IPW_No_Cross,Variance_Debiased,Variance_Debiased_No_Cross,MSE_Plugin,MSE_IPW,MSE_IPW_No_Cross,MSE_Debiased,MSE_Debiased_No_Cross,Coverage_Probability,Coverage_Probability_No_Cross
100,50,30,0.6090575456619263,30,0.04062819272318654,-0.047025443786371274,0.017408202411385746,0.029992986092032718,0.003741263574607967,0.10269856690093754,2.3286099280286163,0.041025181883558325,0.12945989173008782,0.0071754602989316345,0.10434921694488991,2.330821320391922,0.0413282273947541,0.1303594709448047,0.007189457352066323,0.51,0.49
