n,d,K,alpha,sparsity,Bias_Plugin,Bias_IPW,Bias_Debiased,Bias_Debiased_No_Cross,Variance_Plugin,Variance_IPW,Variance_Debiased,Variance_Debiased_No_Cross,MSE_Plugin,MSE_IPW,MSE_Debiased,MSE_Debiased_No_Cross,Coverage_Probability,Coverage_Probability_No_Cross
100,200,100,0.5742889642715454,100,-0.0044189363978929105,0.05701246689255313,-0.00044637777033850303,2915.60394412428,0.0016260355279839151,1.341051544933471,0.01316160225040202,358353553.7385812,0.0016455625268725377,1.3443019663146452,0.013161801503515874,366854300.0975742,0.85,0.72
