n,d,K,alpha,sparsity,Bias_Plugin,Bias_IPW,Bias_IPW_No_Cross,Bias_Debiased,Bias_Debiased_No_Cross,Bias_Debiased_Single_Fold,Variance_Plugin,Variance_IPW,Variance_IPW_No_Cross,Variance_Debiased,Variance_Debiased_No_Cross,Variance_Debiased_Single_Fold,MSE_Plugin,MSE_IPW,MSE_IPW_No_Cross,MSE_Debiased,MSE_Debiased_No_Cross,MSE_Debiased_Single_Fold,Coverage_Probability,Coverage_Probability_No_Cross,Coverage_Probability_Single_Fold
10,200,100,0.0,200,0.7989241292805562,0.5459281854541659,0.3793183840454441,0.800393341916829,0.7429778799733276,0.8029908743694968,37.619543566142845,60.69555571126228,57.424565526282066,37.66336031799373,37.332876870726,37.651848520411114,38.257823330489536,60.99359329493555,57.568447962756906,38.30398981977852,37.884893000855655,38.29664286473181,0.015,0.075,0.015
