n,d,K,alpha,sparsity,Bias_Plugin,Bias_IPW,Bias_IPW_No_Cross,Bias_Debiased,Bias_Debiased_No_Cross,Bias_Debiased_Single_Fold,Variance_Plugin,Variance_IPW,Variance_IPW_No_Cross,Variance_Debiased,Variance_Debiased_No_Cross,Variance_Debiased_Single_Fold,MSE_Plugin,MSE_IPW,MSE_IPW_No_Cross,MSE_Debiased,MSE_Debiased_No_Cross,MSE_Debiased_Single_Fold,Coverage_Probability,Coverage_Probability_No_Cross,Coverage_Probability_Single_Fold
4,200,100,1.2249547243118286,10,-0.012399834442219192,-0.0008977013378007879,0.011513016003477202,-0.006213548497358791,-0.012886963735381915,-0.008328415629756853,0.00817860464128896,0.5303733587462822,0.5998995260131019,0.0224977079800252,0.013516803561290982,0.06466392858709867,0.008332360535483406,0.5303741646139739,0.6000320755505981,0.022536316164954228,0.01368287739560803,0.06473329109400065,0.94,0.556,0.946
