n,d,K,alpha,sparsity,Bias_Plugin,Bias_IPW,Bias_IPW_No_Cross,Bias_Debiased,Bias_Debiased_No_Cross,Bias_Debiased_Single_Fold,Variance_Plugin,Variance_IPW,Variance_IPW_No_Cross,Variance_Debiased,Variance_Debiased_No_Cross,Variance_Debiased_Single_Fold,MSE_Plugin,MSE_IPW,MSE_IPW_No_Cross,MSE_Debiased,MSE_Debiased_No_Cross,MSE_Debiased_Single_Fold,Coverage_Probability,Coverage_Probability_No_Cross,Coverage_Probability_Single_Fold
4,200,100,0.49258530139923096,125,-0.006381165953465091,0.037461717203831305,0.22984663251728502,0.0017724388907402072,0.04428877089573904,-0.009759927707789695,0.011328802418474442,0.14581410915787646,0.9398081209843621,0.01572870801007365,0.031019978779289456,0.02061973716053578,0.011369521697400107,0.1472174894137363,0.9926375954638981,0.01573184954969506,0.03298147400674471,0.020714993349397068,0.78,0.44,0.86
