n,d,K,alpha,sparsity,Bias_Plugin,Bias_IPW,Bias_IPW_No_Cross,Bias_Debiased,Bias_Debiased_No_Cross,Bias_Debiased_Single_Fold,Variance_Plugin,Variance_IPW,Variance_IPW_No_Cross,Variance_Debiased,Variance_Debiased_No_Cross,Variance_Debiased_Single_Fold,MSE_Plugin,MSE_IPW,MSE_IPW_No_Cross,MSE_Debiased,MSE_Debiased_No_Cross,MSE_Debiased_Single_Fold,Coverage_Probability,Coverage_Probability_No_Cross,Coverage_Probability_Single_Fold
100,200,100,0.0,200,0.8239860926204702,1.7045677584339631,0.23928533550546352,0.6179255365205841,0.9701557095356687,0.6142199582117104,40.11499487959589,2363.3833190963924,37.593342111248006,50.93720067700922,37.70142159608248,50.79128281237847,40.79394796042784,2366.288870339484,37.65059958303598,51.31903264569349,38.642623696827144,51.168548969444075,0.06,0.04,0.06
