n,d,K,alpha,sparsity,Bias_Plugin,Bias_IPW,Bias_IPW_No_Cross,Bias_Debiased,Bias_Debiased_No_Cross,Bias_Debiased_Single_Fold,Variance_Plugin,Variance_IPW,Variance_IPW_No_Cross,Variance_Debiased,Variance_Debiased_No_Cross,Variance_Debiased_Single_Fold,MSE_Plugin,MSE_IPW,MSE_IPW_No_Cross,MSE_Debiased,MSE_Debiased_No_Cross,MSE_Debiased_Single_Fold,Coverage_Probability,Coverage_Probability_No_Cross,Coverage_Probability_Single_Fold
200,200,100,0.5742889642715454,100,-0.0007600443757436709,-0.0017249017590703036,0.020060462921073344,-0.0035232055191768475,0.0030521176250457704,-0.0032997999092062224,0.003531704407051554,0.15754028288073443,0.006389419744910657,0.002948410511832698,0.0029383783422324266,0.002739935461881716,0.0035322820745046536,0.1575432581668129,0.006791841917518415,0.002960823488963056,0.002947693764229542,0.0027508241413225134,0.6,0.57,0.73
