n,d,K,alpha,sparsity,Bias_Plugin,Bias_IPW,Bias_IPW_No_Cross,Bias_Debiased,Bias_Debiased_No_Cross,Bias_Debiased_Single_Fold,Variance_Plugin,Variance_IPW,Variance_IPW_No_Cross,Variance_Debiased,Variance_Debiased_No_Cross,Variance_Debiased_Single_Fold,MSE_Plugin,MSE_IPW,MSE_IPW_No_Cross,MSE_Debiased,MSE_Debiased_No_Cross,MSE_Debiased_Single_Fold,Coverage_Probability,Coverage_Probability_No_Cross,Coverage_Probability_Single_Fold
50,200,100,0.662580132484436,75,-0.010179151833591376,-0.06526854049529246,-0.016294665854316385,-0.0038532180137654513,-0.0028386173107475994,0.0004506491514245137,0.014080866200508786,0.24197909419616376,0.02029215446420716,0.0077213662292850834,0.0033294289679274215,0.0038274266761993895,0.014184481332560093,0.24623907657454946,0.020557670599510986,0.00773621351834669,0.003337486716164297,0.0038276297608570704,0.9,0.86,0.89
