n,d,K,alpha,sparsity,Bias_Plugin,Bias_IPW,Bias_Debiased,Bias_Debiased_No_Cross,Variance_Plugin,Variance_IPW,Variance_Debiased,Variance_Debiased_No_Cross,MSE_Plugin,MSE_IPW,MSE_Debiased,MSE_Debiased_No_Cross,Coverage_Probability,Coverage_Probability_No_Cross
10,200,100,0.30024945735931396,175,-0.03892019971468948,0.09080921065151344,-0.038564100652102626,-0.022887632406255288,0.002391342333101133,0.17000561021124866,0.0019098287592290116,0.005779946075508097,0.003906124278932448,0.17825192295039954,0.003397018618334513,0.006303789792671965,0.86,0.96
