n,d,K,alpha,sparsity,Bias_Plugin,Bias_IPW,Bias_IPW_No_Cross,Bias_Debiased,Bias_Debiased_No_Cross,Bias_Debiased_Single_Fold,Variance_Plugin,Variance_IPW,Variance_IPW_No_Cross,Variance_Debiased,Variance_Debiased_No_Cross,Variance_Debiased_Single_Fold,MSE_Plugin,MSE_IPW,MSE_IPW_No_Cross,MSE_Debiased,MSE_Debiased_No_Cross,MSE_Debiased_Single_Fold,Coverage_Probability,Coverage_Probability_No_Cross,Coverage_Probability_Single_Fold
100,200,100,0.40689289569854736,150,0.015281453279736483,0.33850859388304677,0.017226554466391163,-0.019879753076824234,0.002746042864404268,-0.004543599564743324,0.03260994545790326,3.6274660483361414,0.04698470346228897,0.12438162596404703,0.032358737987677834,0.09963187075857405,0.03284346827224403,3.742054116468818,0.0472814576410725,0.12477683054644255,0.03236627873909099,0.0996525150555788,0.3,0.37,0.36
