n,d,K,alpha,sparsity,Bias_Plugin,Bias_IPW,Bias_Debiased,Bias_Debiased_No_Cross,Variance_Plugin,Variance_IPW,Variance_Debiased,Variance_Debiased_No_Cross,MSE_Plugin,MSE_IPW,MSE_Debiased,MSE_Debiased_No_Cross,Coverage_Probability,Coverage_Probability_No_Cross
20,200,100,0.0,200,-0.23637479183402949,0.20930761740756712,-0.37464356221581807,-0.12254835121804593,0.3709081630777566,13.463280440356447,0.2359942359593591,0.10948045890066607,0.4267812052923374,13.507090119061282,0.3763520346691166,0.12449855728692764,0.02,0.93
