n,d,K,alpha,sparsity,Bias_Plugin,Bias_IPW,Bias_Debiased,Bias_Debiased_No_Cross,Variance_Plugin,Variance_IPW,Variance_Debiased,Variance_Debiased_No_Cross,MSE_Plugin,MSE_IPW,MSE_Debiased,MSE_Debiased_No_Cross,Coverage_Probability,Coverage_Probability_No_Cross
100,200,100,0.953795313835144,25,-0.0003681463594688511,0.6043756269684717,0.11312370485537934,-687.1974377144991,0.008712498529147851,22.900854365252908,2.202915181980742,1478132712.2244596,0.00871263406088984,23.266124263726446,2.215712154580949,1478604952.54286,0.92,0.74
