n,d,K,alpha,sparsity,Bias_Plugin,Bias_IPW,Bias_Debiased,Bias_Debiased_No_Cross,Variance_Plugin,Variance_IPW,Variance_Debiased,Variance_Debiased_No_Cross,MSE_Plugin,MSE_IPW,MSE_Debiased,MSE_Debiased_No_Cross,Coverage_Probability,Coverage_Probability_No_Cross
20,200,100,0.662580132484436,75,-0.008381229450243716,0.058736244812687965,0.022556850048501546,0.00043097783330713123,0.0063766496967728615,0.07028854889721249,0.03559904889445311,0.0025746769838186617,0.006446894703870494,0.0737384953519085,0.03610786037856369,0.0025748627257114656,0.95,0.94
