n,d,K,alpha,sparsity,Bias_Plugin,Bias_IPW,Bias_IPW_No_Cross,Bias_Debiased,Bias_Debiased_No_Cross,Bias_Debiased_Single_Fold,Variance_Plugin,Variance_IPW,Variance_IPW_No_Cross,Variance_Debiased,Variance_Debiased_No_Cross,Variance_Debiased_Single_Fold,MSE_Plugin,MSE_IPW,MSE_IPW_No_Cross,MSE_Debiased,MSE_Debiased_No_Cross,MSE_Debiased_Single_Fold,Coverage_Probability,Coverage_Probability_No_Cross,Coverage_Probability_Single_Fold
50,200,100,0.0,200,-1.3781087756394086,0.9337235472827338,-1.265698016891516,-1.2962514660929805,-1.1118301217763271,-1.3076725927125046,38.55155550948702,1330.6334498642025,39.350767242175515,72.12369283418815,37.309640559114406,72.60977332014775,40.450739306981376,1331.5052895269519,40.95275871213863,73.80396069753634,38.545806778803566,74.31978092987919,0.02,0.01,0.05
