n,d,K,sparsity,Bias_Plugin,Bias_IPW,Bias_Debiased,Variance_Plugin,Variance_IPW,Variance_Debiased,MSE_Plugin,MSE_IPW,MSE_Debiased,Coverage_Probability
30,200,100,100,-0.0006704596025507625,-0.017623718843311445,-0.0038218387526014054,0.0008286856029838952,0.053264429228878946,0.0026539824197774125,0.0008291351190625476,0.05357502469474704,0.002668588871228299,0.98
