n,d,K,alpha,sparsity,Bias_Plugin,Bias_IPW,Bias_IPW_No_Cross,Bias_Debiased,Bias_Debiased_No_Cross,Bias_Debiased_Single_Fold,Variance_Plugin,Variance_IPW,Variance_IPW_No_Cross,Variance_Debiased,Variance_Debiased_No_Cross,Variance_Debiased_Single_Fold,MSE_Plugin,MSE_IPW,MSE_IPW_No_Cross,MSE_Debiased,MSE_Debiased_No_Cross,MSE_Debiased_Single_Fold,Coverage_Probability,Coverage_Probability_No_Cross,Coverage_Probability_Single_Fold
200,200,100,0.40689289569854736,150,-0.0036370936291990705,-0.013965844657189143,-0.004366130948726811,0.00596706421929311,-0.006837734475773114,0.005183342415209866,0.04157568578486021,0.09338745938408097,0.05639657945055104,0.05147495583231262,0.043591982574197025,0.05148260257699823,0.04158891423492778,0.0935825042010697,0.05641564255001247,0.0515105616877098,0.0436387371869582,0.051509469615591545,0.195,0.21,0.215
