n,d,K,alpha,sparsity,Bias_Plugin,Bias_IPW,Bias_IPW_No_Cross,Bias_Debiased,Bias_Debiased_No_Cross,Bias_Debiased_Single_Fold,Variance_Plugin,Variance_IPW,Variance_IPW_No_Cross,Variance_Debiased,Variance_Debiased_No_Cross,Variance_Debiased_Single_Fold,MSE_Plugin,MSE_IPW,MSE_IPW_No_Cross,MSE_Debiased,MSE_Debiased_No_Cross,MSE_Debiased_Single_Fold,Coverage_Probability,Coverage_Probability_No_Cross,Coverage_Probability_Single_Fold
200,200,100,0.5742889642715454,100,0.009145820706244373,-0.04384654549522016,-0.001956684562219,-0.013894930125413462,-0.004220143608409691,-0.008573527100719324,0.00866526860475045,0.211200558593356,0.007053939895393046,0.11426247080925861,0.0026964323109645565,0.10547862623708858,0.008748914641141218,0.21312307814522047,0.007057768509869071,0.11445553989244871,0.0027142419230401582,0.10555213160403534,0.47,0.59,0.625
