n,d,K,alpha,sparsity,Bias_Plugin,Bias_IPW,Bias_IPW_No_Cross,Bias_Debiased,Bias_Debiased_No_Cross,Bias_Debiased_Single_Fold,Variance_Plugin,Variance_IPW,Variance_IPW_No_Cross,Variance_Debiased,Variance_Debiased_No_Cross,Variance_Debiased_Single_Fold,MSE_Plugin,MSE_IPW,MSE_IPW_No_Cross,MSE_Debiased,MSE_Debiased_No_Cross,MSE_Debiased_Single_Fold,Coverage_Probability,Coverage_Probability_No_Cross,Coverage_Probability_Single_Fold
50,200,100,0.30024945735931396,175,0.13836795915634145,-0.059290801205839294,0.05487251151414668,0.10012860241296533,0.09287245008278588,0.1186032268428354,0.3206448193962478,3.797989762172118,0.33498771328665994,0.46935412403000243,0.2738968558242854,0.4183958037958563,0.33979051151733874,3.8015051612797475,0.3379987058065301,0.47937986105117625,0.28252214780866497,0.43246252921338935,0.06,0.18,0.14
