n,d,K,alpha,sparsity,Bias_Plugin,Bias_IPW,Bias_IPW_No_Cross,Bias_Debiased,Bias_Debiased_No_Cross,Bias_Debiased_Single_Fold,Variance_Plugin,Variance_IPW,Variance_IPW_No_Cross,Variance_Debiased,Variance_Debiased_No_Cross,Variance_Debiased_Single_Fold,MSE_Plugin,MSE_IPW,MSE_IPW_No_Cross,MSE_Debiased,MSE_Debiased_No_Cross,MSE_Debiased_Single_Fold,Coverage_Probability,Coverage_Probability_No_Cross,Coverage_Probability_Single_Fold
4,200,100,0.7729858160018921,50,-0.004983873574372798,-0.006507778924038743,-0.053382114816880905,-0.010653493795783491,0.0007183397967484165,-0.0028999932075231246,0.0066123264712493425,0.09607984842354048,0.7155143975892203,0.007424668108235741,0.013053807237779678,0.012913277100573732,0.006637165467054674,0.09612219961006466,0.7183640477715432,0.007538165038292539,0.013054323249843276,0.012921687061177412,0.93,0.56,0.95
