n,d,K,alpha,sparsity,Bias_Plugin,Bias_IPW,Bias_IPW_No_Cross,Bias_Debiased,Bias_Debiased_No_Cross,Bias_Debiased_Single_Fold,Variance_Plugin,Variance_IPW,Variance_IPW_No_Cross,Variance_Debiased,Variance_Debiased_No_Cross,Variance_Debiased_Single_Fold,MSE_Plugin,MSE_IPW,MSE_IPW_No_Cross,MSE_Debiased,MSE_Debiased_No_Cross,MSE_Debiased_Single_Fold,Coverage_Probability,Coverage_Probability_No_Cross,Coverage_Probability_Single_Fold
100,200,100,0.49258530139923096,125,0.01269572052100795,0.01924167638290577,0.007585410540650281,0.015061061484045608,0.015631169033268603,0.020213552678468458,0.023586128215346894,0.10881914213050393,0.01846798438645999,0.03143080320848198,0.011191262655816648,0.039277328086043964,0.023747309534894435,0.1091893842405284,0.018525522839530198,0.031657638781508186,0.011435596101163263,0.03968591579792918,0.355,0.515,0.455
