n,d,K,alpha,sparsity,Bias_Plugin,Bias_IPW,Bias_Debiased,Bias_Debiased_No_Cross,Variance_Plugin,Variance_IPW,Variance_Debiased,Variance_Debiased_No_Cross,MSE_Plugin,MSE_IPW,MSE_Debiased,MSE_Debiased_No_Cross,Coverage_Probability,Coverage_Probability_No_Cross
30,200,100,0.7729858160018921,50,0.02429486577007321,-0.027661022702992314,0.036419391665212686,77776.87694116011,0.012463854450563179,1.5840668539780305,2.651816713208504,480664896589.80804,0.013054094953349053,1.5848319861550058,2.653143085297767,486714139176.52844,0.89,0.61
